Workbook

Sheet Notes
A1: 2022-002
A2: Program: | B2: IYS
A3: Analysis: | B3: Erinn Raftery
A4: Data Compiled: | B4: Erinn Raftery
A6: A detailed description of chlorophyll sampling is found on the Water Properties Website:
A7: http://www.waterproperties.ca/standards/Chlorophyll_sampling_12Feb2010.pdf
A9: Notes:
A10: Samples were analyzed on Turner Trilogy 7200-000, not the Turner 10-AU.
A11: On date of analysis July 6 2022, there were some issues with potential contamination of the acid with chlorophyll.
A12: Questionable and bad measurements from July 6 have been compared against their duplicate and the CTD fluorometer for agreement, and rejected with accompanying note.
A13: On date of analysis July 6-8 2022, the solid standard was lower than expected, however it was consistent. At this time, no correction has been applied.
A14: The measurements appear to be acceptable on these dates (unless otherwise flagged).
A15: No notes were recorded in chlorophyll filtation log 1 for this cruise.
A16: Samples 9A, 9B, and 14A were lost during filtering.
A17: Sample 657A/B do not have an associated CTD fluoro in the bottle csv.
A18: All samples were collected in duplicate (A/B). Where a duplicate was lost in analysis or matched poorly with both replicate and CTD fluorometer, the replicate is rejected, and Quality Flag 2 is used with an associated comment.
... A24: Updates
A25: 44769 | B25: ER | C25: Master List: changed Event 111 to Event 113 (Event 111 was a net cast); CHL: added appropriate "CHL" for all comments concerning CHL, and flags/comments entered for lost samples 9A/B and 14A.
A26: 44770 | B26: ER | C26: Updated with -99 pad values where samples lost during analysis. Changed handling of <MLD data - as is values reported when <MLD (not set to 0).
A28: Precision Statement:
A29: =CHL!B10 -> Chlorophyll values ranged from 0.00 - 0.81 ug/L in 414 samples. 71 of 414 samples were below Minimum Limit of Detection (<MLD). Samples <MLD that were collected in duplicate were not included in the %CV calculation. The original %CV for this dataset was 8.82% for 171 duplicate samples, excluding the average of duplicate pairs that were <MDL. 36 duplicates had a CV%>10, and 9 duplicates had a CV%>30. 10 duplicates were rejected (A or B), improving the %CV to 6.59% over 161 duplicate pairs, with 26 samples having a CV%>10 and 4 having a %CV>30. Our average dataset %CV is 3.89 % for 2013 - 2021 using the Turner 10-AU - so the overall quality of this dataset is acceptable.
A33: Minimum Limit of Detection (MLD): The stated MLD for the Turner Trilogy 7200-000 fluorometer is 0.025 ug/L for CHL-a. Samples below the MLD are reported as is and assigned Quality Flag 2 with an associated comment. Where samples are taken in duplicate and the average of the two is <MLD, the average value is reported as is and assigned Quality Flag 2 with an associated comment. Samples <MLD are excluded from precision (CV%) calculations.

Sheet CHL
A1: =Notes!A1 -> 2022-002
A3: Notes: | B3: Flags and comments apply to chlorophyll values only. No flags or comments are assigned for Phaeo-Pigment values
A4: HEADER: | B4: Chlorophyll samples were filtered onto 25mm GF/F filters and stored in glass scintillation vials at -80C prior to analysis | C4: Chlorophyll samples were filtered onto 25mm GF/F filters and stored in glass scintillation vials at -80C prior to analysis | D4: Chlorophyll samples were filtered onto 25mm GF/F filters and stored in glass scintillation vials at -80C prior to analysis | E4: Chlorophyll samples were filtered onto 25mm GF/F filters and stored in glass scintillation vials at -80C prior to analysis | F4: Chlorophyll samples were filtered onto 25mm GF/F filters and stored in glass scintillation vials at -80C prior to analysis | G4: Chlorophyll samples were filtered onto 25mm GF/F filters and stored in glass scintillation vials at -80C prior to analysis
B5: Samples were extracted in 90% acetone at -20C for 24 +/-1 hours in the lab
B6: analyzed on a Turner Trilogy7200-000 flourometer calibrated with commercially pure chlorophyll a standard (Sigma)
B7: fluorescence readings taken before and after acidification were used to calculate chlorophyll and phaeopigment concentrations (Holm-Hansen et al 1965).
B8: Chlorophyll samples were analyzed at IOS in Room 2423, 15 weeks after the cruise.
B9: Variability is assessed as the %CV (std dev/mean*100) for duplicate samples.
B10: Chlorophyll values ranged from 0.00 - 0.81 ug/L in 414 samples. 71 of 414 samples were below Minimum Limit of Detection (<MLD). Samples <MLD that were collected in duplicate were not included in the %CV calculation. The original %CV for this dataset was 8.82% for 171 duplicate samples, excluding the average of duplicate pairs that were <MDL. 36 duplicates had a CV%>10, and 9 duplicates had a CV%>30. 10 duplicates were rejected (A or B), improving the %CV to 6.59% over 161 duplicate pairs, with 26 samples having a CV%>10 and 4 having a %CV>30. Our average dataset %CV is 3.89 % for 2013 - 2021 using the Turner 10-AU - so the overall quality of this dataset is acceptable.
B15: =Notes!A33 -> Minimum Limit of Detection (MLD): The stated MLD for the Turner Trilogy 7200-000 fluorometer is 0.025 ug/L for CHL-a. Samples below the MLD are reported as is and assigned Quality Flag 2 with an associated comment. Where samples are taken in duplicate and the average of the two is <MLD, the average value is reported as is and assigned Quality Flag 2 with an associated comment. Samples <MLD are excluded from precision (CV%) calculations.
A19: Cruise_Number | B19: Event_Number | C19: Station | D19: Sample_Number | E19: Chlorophyll:Extracted | F19: Flag:Chlorophyll:Extracted | G19: Phaeo-Pigment:Extracted | H19: Comments
A20: =$A$1 -> 2022-002 | B20: =VLOOKUP(D20,'Master List'!A4:G1633,7,FALSE) -> 8 | C20: =VLOOKUP(D20,'Master List'!$A$4:$G$1633,3,FALSE) -> 50-135 | D20: 4 | E20: 0.015479292 | F20: 26 | G20: 0.053007683 | H20: CHL: <Minimum Limit of Detection
A21: =$A$1 -> 2022-002 | B21: =VLOOKUP(D21,'Master List'!A5:G1634,7,FALSE) -> 8 | C21: =VLOOKUP(D21,'Master List'!$A$4:$G$1633,3,FALSE) -> 50-135 | D21: 6 | E21: 0.34011651 | F21: 6 | G21: 0.1586711
A22: =$A$1 -> 2022-002 | B22: =VLOOKUP(D22,'Master List'!A6:G1635,7,FALSE) -> 8 | C22: =VLOOKUP(D22,'Master List'!$A$4:$G$1633,3,FALSE) -> 50-135 | D22: 9 | E22: -99 | F22: 1 | G22: -99 | H22: CHL: Replicate A and B lost during sampling - no plastic grid put under filter.
A23: =$A$1 -> 2022-002 | B23: =VLOOKUP(D23,'Master List'!A6:G1635,7,FALSE) -> 8 | C23: =VLOOKUP(D23,'Master List'!$A$4:$G$1633,3,FALSE) -> 50-135 | D23: 12 | E23: 0.38544878 | F23: 6 | G23: 0.13023512
A24: =$A$1 -> 2022-002 | B24: =VLOOKUP(D24,'Master List'!A7:G1636,7,FALSE) -> 8 | C24: =VLOOKUP(D24,'Master List'!$A$4:$G$1633,3,FALSE) -> 50-135 | D24: 14 | E24: 0.3569263 | F24: 2 | G24: 0.11681006 | H24: CHL: Replicate A lost during sampling.
A25: =$A$1 -> 2022-002 | B25: =VLOOKUP(D25,'Master List'!A8:G1637,7,FALSE) -> 8 | C25: =VLOOKUP(D25,'Master List'!$A$4:$G$1633,3,FALSE) -> 50-135 | D25: 20 | E25: 0.37411783 | F25: 6 | G25: 0.11098976
A26: =$A$1 -> 2022-002 | B26: =VLOOKUP(D26,'Master List'!A9:G1638,7,FALSE) -> 12 | C26: =VLOOKUP(D26,'Master List'!$A$4:$G$1633,3,FALSE) -> 49-135 | D26: 24 | E26: 0.012908473 | F26: 26 | G26: 0.057730266 | H26: CHL: <Minimum Limit of Detection
A27: =$A$1 -> 2022-002 | B27: =VLOOKUP(D27,'Master List'!A10:G1639,7,FALSE) -> 12 | C27: =VLOOKUP(D27,'Master List'!$A$4:$G$1633,3,FALSE) -> 49-135 | D27: 28 | E27: 0.14639404 | F27: 6 | G27: 0.11451207
A28: =$A$1 -> 2022-002 | B28: =VLOOKUP(D28,'Master List'!A11:G1640,7,FALSE) -> 12 | C28: =VLOOKUP(D28,'Master List'!$A$4:$G$1633,3,FALSE) -> 49-135 | D28: 29 | E28: 0.31284473 | F28: 6 | G28: 0.12518718
A29: =$A$1 -> 2022-002 | B29: =VLOOKUP(D29,'Master List'!A12:G1641,7,FALSE) -> 12 | C29: =VLOOKUP(D29,'Master List'!$A$4:$G$1633,3,FALSE) -> 49-135 | D29: 32 | E29: 0.31540216 | F29: 36 | G29: 0.12403156 | H29: CHL: %CV>10
A30: =$A$1 -> 2022-002 | B30: =VLOOKUP(D30,'Master List'!A13:G1642,7,FALSE) -> 12 | C30: =VLOOKUP(D30,'Master List'!$A$4:$G$1633,3,FALSE) -> 49-135 | D30: 34 | E30: 0.33157362 | F30: 6 | G30: 0.1515768
A31: =$A$1 -> 2022-002 | B31: =VLOOKUP(D31,'Master List'!A14:G1643,7,FALSE) -> 12 | C31: =VLOOKUP(D31,'Master List'!$A$4:$G$1633,3,FALSE) -> 49-135 | D31: 40 | E31: 0.32681263 | F31: 6 | G31: 0.15307153
A32: =$A$1 -> 2022-002 | B32: =VLOOKUP(D32,'Master List'!A15:G1644,7,FALSE) -> 16 | C32: =VLOOKUP(D32,'Master List'!$A$4:$G$1633,3,FALSE) -> 48-135 | D32: 44 | E32: 0.010270159 | F32: 26 | G32: 0.073281275 | H32: CHL: <Minimum Limit of Detection
A33: =$A$1 -> 2022-002 | B33: =VLOOKUP(D33,'Master List'!A16:G1645,7,FALSE) -> 16 | C33: =VLOOKUP(D33,'Master List'!$A$4:$G$1633,3,FALSE) -> 48-135 | D33: 48 | E33: 0.22443567 | F33: 2 | G33: 0.21602546 | H33: CHL: duplicate 48A rejected.
A34: =$A$1 -> 2022-002 | B34: =VLOOKUP(D34,'Master List'!A17:G1646,7,FALSE) -> 16 | C34: =VLOOKUP(D34,'Master List'!$A$4:$G$1633,3,FALSE) -> 48-135 | D34: 49 | E34: 0.3860934 | F34: 6 | G34: 0.18665719
A35: =$A$1 -> 2022-002 | B35: =VLOOKUP(D35,'Master List'!A18:G1647,7,FALSE) -> 16 | C35: =VLOOKUP(D35,'Master List'!$A$4:$G$1633,3,FALSE) -> 48-135 | D35: 52 | E35: 0.3728704 | F35: 6 | G35: 0.15786997
A36: =$A$1 -> 2022-002 | B36: =VLOOKUP(D36,'Master List'!A19:G1648,7,FALSE) -> 16 | C36: =VLOOKUP(D36,'Master List'!$A$4:$G$1633,3,FALSE) -> 48-135 | D36: 54 | E36: 0.37247117 | F36: 6 | G36: 0.19025389
A37: =$A$1 -> 2022-002 | B37: =VLOOKUP(D37,'Master List'!A20:G1649,7,FALSE) -> 16 | C37: =VLOOKUP(D37,'Master List'!$A$4:$G$1633,3,FALSE) -> 48-135 | D37: 60 | E37: 0.37163418 | F37: 6 | G37: 0.14825419
A38: =$A$1 -> 2022-002 | B38: =VLOOKUP(D38,'Master List'!A21:G1650,7,FALSE) -> 20 | C38: =VLOOKUP(D38,'Master List'!$A$4:$G$1633,3,FALSE) -> 47-135 | D38: 64 | E38: 0.016278574 | F38: 26 | G38: 0.056175327 | H38: CHL: <Minimum Limit of Detection
A39: =$A$1 -> 2022-002 | B39: =VLOOKUP(D39,'Master List'!A22:G1651,7,FALSE) -> 20 | C39: =VLOOKUP(D39,'Master List'!$A$4:$G$1633,3,FALSE) -> 47-135 | D39: 68 | E39: 0.19634193 | F39: 6 | G39: 0.12595364
A40: =$A$1 -> 2022-002 | B40: =VLOOKUP(D40,'Master List'!A23:G1652,7,FALSE) -> 20 | C40: =VLOOKUP(D40,'Master List'!$A$4:$G$1633,3,FALSE) -> 47-135 | D40: 69 | E40: 0.3475691 | F40: 6 | G40: 0.26647672
A41: =$A$1 -> 2022-002 | B41: =VLOOKUP(D41,'Master List'!A24:G1653,7,FALSE) -> 20 | C41: =VLOOKUP(D41,'Master List'!$A$4:$G$1633,3,FALSE) -> 47-135 | D41: 72 | E41: 0.37376369 | F41: 6 | G41: 0.18459353
A42: =$A$1 -> 2022-002 | B42: =VLOOKUP(D42,'Master List'!A25:G1654,7,FALSE) -> 20 | C42: =VLOOKUP(D42,'Master List'!$A$4:$G$1633,3,FALSE) -> 47-135 | D42: 74 | E42: 0.35813683 | F42: 6 | G42: 0.1624975
A43: =$A$1 -> 2022-002 | B43: =VLOOKUP(D43,'Master List'!A26:G1655,7,FALSE) -> 20 | C43: =VLOOKUP(D43,'Master List'!$A$4:$G$1633,3,FALSE) -> 47-135 | D43: 80 | E43: 0.34573143 | F43: 6 | G43: 0.14327783
A44: =$A$1 -> 2022-002 | B44: =VLOOKUP(D44,'Master List'!A27:G1656,7,FALSE) -> 24 | C44: =VLOOKUP(D44,'Master List'!$A$4:$G$1633,3,FALSE) -> 47-138 | D44: 84 | E44: 0.017767015 | F44: 26 | G44: 0.051381427 | H44: CHL: <Minimum Limit of Detection
A45: =$A$1 -> 2022-002 | B45: =VLOOKUP(D45,'Master List'!A28:G1657,7,FALSE) -> 24 | C45: =VLOOKUP(D45,'Master List'!$A$4:$G$1633,3,FALSE) -> 47-138 | D45: 88 | E45: 0.091699375 | F45: 6 | G45: 0.090406922
A46: =$A$1 -> 2022-002 | B46: =VLOOKUP(D46,'Master List'!A29:G1658,7,FALSE) -> 24 | C46: =VLOOKUP(D46,'Master List'!$A$4:$G$1633,3,FALSE) -> 47-138 | D46: 89 | E46: 0.13118992 | F46: 2 | G46: 0.12521337 | H46: CHL: duplicate 89B rejected.
A47: =$A$1 -> 2022-002 | B47: =VLOOKUP(D47,'Master List'!A30:G1659,7,FALSE) -> 24 | C47: =VLOOKUP(D47,'Master List'!$A$4:$G$1633,3,FALSE) -> 47-138 | D47: 92 | E47: 0.44670958 | F47: 6 | G47: 0.19404491
A48: =$A$1 -> 2022-002 | B48: =VLOOKUP(D48,'Master List'!A31:G1660,7,FALSE) -> 24 | C48: =VLOOKUP(D48,'Master List'!$A$4:$G$1633,3,FALSE) -> 47-138 | D48: 94 | E48: 0.42970906 | F48: 36 | G48: 0.19233328 | H48: CHL: %CV>10
A49: =$A$1 -> 2022-002 | B49: =VLOOKUP(D49,'Master List'!A32:G1661,7,FALSE) -> 24 | C49: =VLOOKUP(D49,'Master List'!$A$4:$G$1633,3,FALSE) -> 47-138 | D49: 100 | E49: 0.48335058 | F49: 6 | G49: 0.19969603
A50: =$A$1 -> 2022-002 | B50: =VLOOKUP(D50,'Master List'!A33:G1662,7,FALSE) -> 28 | C50: =VLOOKUP(D50,'Master List'!$A$4:$G$1633,3,FALSE) -> 48-138 | D50: 104 | E50: 0.013977189 | F50: 26 | G50: 0.044293662 | H50: CHL: <Minimum Limit of Detection
A51: =$A$1 -> 2022-002 | B51: =VLOOKUP(D51,'Master List'!A34:G1663,7,FALSE) -> 28 | C51: =VLOOKUP(D51,'Master List'!$A$4:$G$1633,3,FALSE) -> 48-138 | D51: 108 | E51: 0.12865462 | F51: 6 | G51: 0.11525661
A52: =$A$1 -> 2022-002 | B52: =VLOOKUP(D52,'Master List'!A35:G1664,7,FALSE) -> 28 | C52: =VLOOKUP(D52,'Master List'!$A$4:$G$1633,3,FALSE) -> 48-138 | D52: 109 | E52: 0.19257697 | F52: 6 | G52: 0.15059308
A53: =$A$1 -> 2022-002 | B53: =VLOOKUP(D53,'Master List'!A36:G1665,7,FALSE) -> 28 | C53: =VLOOKUP(D53,'Master List'!$A$4:$G$1633,3,FALSE) -> 48-138 | D53: 112 | E53: 0.4393469 | F53: 6 | G53: 0.16588483
A54: =$A$1 -> 2022-002 | B54: =VLOOKUP(D54,'Master List'!A37:G1666,7,FALSE) -> 28 | C54: =VLOOKUP(D54,'Master List'!$A$4:$G$1633,3,FALSE) -> 48-138 | D54: 114 | E54: 0.47656912 | F54: 6 | G54: 0.15780684
A55: =$A$1 -> 2022-002 | B55: =VLOOKUP(D55,'Master List'!A38:G1667,7,FALSE) -> 28 | C55: =VLOOKUP(D55,'Master List'!$A$4:$G$1633,3,FALSE) -> 48-138 | D55: 120 | E55: 0.43433943 | F55: 36 | G55: 0.1824445 | H55: CHL: %CV>10
A56: =$A$1 -> 2022-002 | B56: =VLOOKUP(D56,'Master List'!A39:G1668,7,FALSE) -> 32 | C56: =VLOOKUP(D56,'Master List'!$A$4:$G$1633,3,FALSE) -> 49-138 | D56: 124 | E56: 0.013136098 | F56: 26 | G56: 0.050571319 | H56: CHL: <Minimum Limit of Detection
A57: =$A$1 -> 2022-002 | B57: =VLOOKUP(D57,'Master List'!A40:G1669,7,FALSE) -> 32 | C57: =VLOOKUP(D57,'Master List'!$A$4:$G$1633,3,FALSE) -> 49-138 | D57: 128 | E57: 0.062760993 | F57: 36 | G57: 0.076070137 | H57: CHL: %CV>10
A58: =$A$1 -> 2022-002 | B58: =VLOOKUP(D58,'Master List'!A41:G1670,7,FALSE) -> 32 | C58: =VLOOKUP(D58,'Master List'!$A$4:$G$1633,3,FALSE) -> 49-138 | D58: 129 | E58: 0.22526555 | F58: 36 | G58: 0.13924961 | H58: CHL: %CV>10
A59: =$A$1 -> 2022-002 | B59: =VLOOKUP(D59,'Master List'!A42:G1671,7,FALSE) -> 32 | C59: =VLOOKUP(D59,'Master List'!$A$4:$G$1633,3,FALSE) -> 49-138 | D59: 132 | E59: 0.3427428 | F59: 6 | G59: 0.16123397
A60: =$A$1 -> 2022-002 | B60: =VLOOKUP(D60,'Master List'!A43:G1672,7,FALSE) -> 32 | C60: =VLOOKUP(D60,'Master List'!$A$4:$G$1633,3,FALSE) -> 49-138 | D60: 134 | E60: 0.49405331 | F60: 6 | G60: 0.20067249
A61: =$A$1 -> 2022-002 | B61: =VLOOKUP(D61,'Master List'!A44:G1673,7,FALSE) -> 32 | C61: =VLOOKUP(D61,'Master List'!$A$4:$G$1633,3,FALSE) -> 49-138 | D61: 140 | E61: 0.46203967 | F61: 6 | G61: 0.16320648
A62: =$A$1 -> 2022-002 | B62: =VLOOKUP(D62,'Master List'!A45:G1674,7,FALSE) -> 36 | C62: =VLOOKUP(D62,'Master List'!$A$4:$G$1633,3,FALSE) -> 50-138 | D62: 144 | E62: 0.019564785 | F62: 26 | G62: 0.054147265 | H62: CHL: <Minimum Limit of Detection
A63: =$A$1 -> 2022-002 | B63: =VLOOKUP(D63,'Master List'!A46:G1675,7,FALSE) -> 36 | C63: =VLOOKUP(D63,'Master List'!$A$4:$G$1633,3,FALSE) -> 50-138 | D63: 148 | E63: 0.12174364 | F63: 6 | G63: 0.1118773
A64: =$A$1 -> 2022-002 | B64: =VLOOKUP(D64,'Master List'!A47:G1676,7,FALSE) -> 36 | C64: =VLOOKUP(D64,'Master List'!$A$4:$G$1633,3,FALSE) -> 50-138 | D64: 149 | E64: 0.28528713 | F64: 6 | G64: 0.15366939
A65: =$A$1 -> 2022-002 | B65: =VLOOKUP(D65,'Master List'!A48:G1677,7,FALSE) -> 36 | C65: =VLOOKUP(D65,'Master List'!$A$4:$G$1633,3,FALSE) -> 50-138 | D65: 152 | E65: 0.40722368 | F65: 6 | G65: 0.19086218
A66: =$A$1 -> 2022-002 | B66: =VLOOKUP(D66,'Master List'!A49:G1678,7,FALSE) -> 36 | C66: =VLOOKUP(D66,'Master List'!$A$4:$G$1633,3,FALSE) -> 50-138 | D66: 154 | E66: 0.4079664 | F66: 6 | G66: 0.13937662
A67: =$A$1 -> 2022-002 | B67: =VLOOKUP(D67,'Master List'!A50:G1679,7,FALSE) -> 36 | C67: =VLOOKUP(D67,'Master List'!$A$4:$G$1633,3,FALSE) -> 50-138 | D67: 160 | E67: 0.39393128 | F67: 6 | G67: 0.32308982
A68: =$A$1 -> 2022-002 | B68: =VLOOKUP(D68,'Master List'!A51:G1680,7,FALSE) -> 40 | C68: =VLOOKUP(D68,'Master List'!$A$4:$G$1633,3,FALSE) -> 50-141 | D68: 164 | E68: 0.016939041 | F68: 26 | G68: 0.056976285 | H68: CHL: <Minimum Limit of Detection
A69: =$A$1 -> 2022-002 | B69: =VLOOKUP(D69,'Master List'!A52:G1681,7,FALSE) -> 40 | C69: =VLOOKUP(D69,'Master List'!$A$4:$G$1633,3,FALSE) -> 50-141 | D69: 168 | E69: 0.080834604 | F69: 36 | G69: 0.099039887 | H69: CHL: %CV>10
A70: =$A$1 -> 2022-002 | B70: =VLOOKUP(D70,'Master List'!A53:G1682,7,FALSE) -> 40 | C70: =VLOOKUP(D70,'Master List'!$A$4:$G$1633,3,FALSE) -> 50-141 | D70: 169 | E70: 0.24772579 | F70: 6 | G70: 0.14967166
A71: =$A$1 -> 2022-002 | B71: =VLOOKUP(D71,'Master List'!A54:G1683,7,FALSE) -> 40 | C71: =VLOOKUP(D71,'Master List'!$A$4:$G$1633,3,FALSE) -> 50-141 | D71: 172 | E71: 0.44792039 | F71: 6 | G71: 0.18781934
A72: =$A$1 -> 2022-002 | B72: =VLOOKUP(D72,'Master List'!A55:G1684,7,FALSE) -> 40 | C72: =VLOOKUP(D72,'Master List'!$A$4:$G$1633,3,FALSE) -> 50-141 | D72: 174 | E72: 0.43537617 | F72: 6 | G72: 0.18554651
A73: =$A$1 -> 2022-002 | B73: =VLOOKUP(D73,'Master List'!A56:G1685,7,FALSE) -> 40 | C73: =VLOOKUP(D73,'Master List'!$A$4:$G$1633,3,FALSE) -> 50-141 | D73: 180 | E73: 0.46118137 | F73: 6 | G73: 0.14147585
A74: =$A$1 -> 2022-002 | B74: =VLOOKUP(D74,'Master List'!A57:G1686,7,FALSE) -> 44 | C74: =VLOOKUP(D74,'Master List'!$A$4:$G$1633,3,FALSE) -> 49-141 | D74: 184 | E74: 0.038897846 | F74: 2 | G74: 0.030990932 | H74: CHL: duplicate 184B rejected.
A75: =$A$1 -> 2022-002 | B75: =VLOOKUP(D75,'Master List'!A58:G1687,7,FALSE) -> 44 | C75: =VLOOKUP(D75,'Master List'!$A$4:$G$1633,3,FALSE) -> 49-141 | D75: 188 | E75: 0.10670456 | F75: 6 | G75: 0.1024226
A76: =$A$1 -> 2022-002 | B76: =VLOOKUP(D76,'Master List'!A59:G1688,7,FALSE) -> 44 | C76: =VLOOKUP(D76,'Master List'!$A$4:$G$1633,3,FALSE) -> 49-141 | D76: 189 | E76: 0.39205536 | F76: 6 | G76: 0.16050804
A77: =$A$1 -> 2022-002 | B77: =VLOOKUP(D77,'Master List'!A60:G1689,7,FALSE) -> 44 | C77: =VLOOKUP(D77,'Master List'!$A$4:$G$1633,3,FALSE) -> 49-141 | D77: 192 | E77: 0.40372269 | F77: 36 | G77: 0.35125907 | H77: CHL: %CV>10
A78: =$A$1 -> 2022-002 | B78: =VLOOKUP(D78,'Master List'!A61:G1690,7,FALSE) -> 44 | C78: =VLOOKUP(D78,'Master List'!$A$4:$G$1633,3,FALSE) -> 49-141 | D78: 194 | E78: 0.52897142 | F78: 6 | G78: 0.20182243
A79: =$A$1 -> 2022-002 | B79: =VLOOKUP(D79,'Master List'!A62:G1691,7,FALSE) -> 44 | C79: =VLOOKUP(D79,'Master List'!$A$4:$G$1633,3,FALSE) -> 49-141 | D79: 200 | E79: 0.49697008 | F79: 36 | G79: 0.17816663 | H79: CHL: %CV>10
A80: =$A$1 -> 2022-002 | B80: =VLOOKUP(D80,'Master List'!A63:G1692,7,FALSE) -> 48 | C80: =VLOOKUP(D80,'Master List'!$A$4:$G$1633,3,FALSE) -> 48-141 | D80: 204 | E80: 0.016627799 | F80: 2 | G80: 0.055991351 | H80: CHL: 204B <Minimum Limit of Detection. Duplicate 204A had no after acidification measurement - not included.
A81: =$A$1 -> 2022-002 | B81: =VLOOKUP(D81,'Master List'!A64:G1693,7,FALSE) -> 48 | C81: =VLOOKUP(D81,'Master List'!$A$4:$G$1633,3,FALSE) -> 48-141 | D81: 208 | E81: 0.16191623 | F81: 36 | G81: 0.16082603 | H81: CHL: %CV>10
A82: =$A$1 -> 2022-002 | B82: =VLOOKUP(D82,'Master List'!A65:G1694,7,FALSE) -> 48 | C82: =VLOOKUP(D82,'Master List'!$A$4:$G$1633,3,FALSE) -> 48-141 | D82: 209 | E82: 0.32276676 | F82: 6 | G82: 0.18442487
A83: =$A$1 -> 2022-002 | B83: =VLOOKUP(D83,'Master List'!A66:G1695,7,FALSE) -> 48 | C83: =VLOOKUP(D83,'Master List'!$A$4:$G$1633,3,FALSE) -> 48-141 | D83: 212 | E83: 0.47129276 | F83: 2 | G83: 0.22319291 | H83: CHL: duplicate 212A rejected.
A84: =$A$1 -> 2022-002 | B84: =VLOOKUP(D84,'Master List'!A67:G1696,7,FALSE) -> 48 | C84: =VLOOKUP(D84,'Master List'!$A$4:$G$1633,3,FALSE) -> 48-141 | D84: 214 | E84: 0.58928456 | F84: 6 | G84: 0.27199321
A85: =$A$1 -> 2022-002 | B85: =VLOOKUP(D85,'Master List'!A68:G1697,7,FALSE) -> 48 | C85: =VLOOKUP(D85,'Master List'!$A$4:$G$1633,3,FALSE) -> 48-141 | D85: 220 | E85: 0.46964255 | F85: 6 | G85: 0.19905576
A86: =$A$1 -> 2022-002 | B86: =VLOOKUP(D86,'Master List'!A69:G1698,7,FALSE) -> 53 | C86: =VLOOKUP(D86,'Master List'!$A$4:$G$1633,3,FALSE) -> 46-144 | D86: 224 | E86: 0.013135005 | F86: 26 | G86: 0.076549202 | H86: CHL: <Minimum Limit of Detection
A87: =$A$1 -> 2022-002 | B87: =VLOOKUP(D87,'Master List'!A70:G1699,7,FALSE) -> 53 | C87: =VLOOKUP(D87,'Master List'!$A$4:$G$1633,3,FALSE) -> 46-144 | D87: 228 | E87: 0.076625599 | F87: 6 | G87: 0.10600555
A88: =$A$1 -> 2022-002 | B88: =VLOOKUP(D88,'Master List'!A71:G1700,7,FALSE) -> 53 | C88: =VLOOKUP(D88,'Master List'!$A$4:$G$1633,3,FALSE) -> 46-144 | D88: 229 | E88: 0.10750494 | F88: 6 | G88: 0.12324267
A89: =$A$1 -> 2022-002 | B89: =VLOOKUP(D89,'Master List'!A72:G1701,7,FALSE) -> 53 | C89: =VLOOKUP(D89,'Master List'!$A$4:$G$1633,3,FALSE) -> 46-144 | D89: 232 | E89: 0.49392543 | F89: 6 | G89: 0.21113246
A90: =$A$1 -> 2022-002 | B90: =VLOOKUP(D90,'Master List'!A73:G1702,7,FALSE) -> 53 | C90: =VLOOKUP(D90,'Master List'!$A$4:$G$1633,3,FALSE) -> 46-144 | D90: 234 | E90: 0.48797385 | F90: 6 | G90: 0.20706485
A91: =$A$1 -> 2022-002 | B91: =VLOOKUP(D91,'Master List'!A74:G1703,7,FALSE) -> 53 | C91: =VLOOKUP(D91,'Master List'!$A$4:$G$1633,3,FALSE) -> 46-144 | D91: 240 | E91: 0.48350388 | F91: 6 | G91: 0.16160554
A92: =$A$1 -> 2022-002 | B92: =VLOOKUP(D92,'Master List'!A75:G1704,7,FALSE) -> 58 | C92: =VLOOKUP(D92,'Master List'!$A$4:$G$1633,3,FALSE) -> 47-144 | D92: 252 | E92: 0 | F92: 26 | G92: 0.069393703 | H92: CHL: <Minimum Limit of Detection
A93: =$A$1 -> 2022-002 | B93: =VLOOKUP(D93,'Master List'!A76:G1705,7,FALSE) -> 58 | C93: =VLOOKUP(D93,'Master List'!$A$4:$G$1633,3,FALSE) -> 47-144 | D93: 254 | E93: 0.071450896 | F93: 6 | G93: 0.10293656
A94: =$A$1 -> 2022-002 | B94: =VLOOKUP(D94,'Master List'!A77:G1706,7,FALSE) -> 58 | C94: =VLOOKUP(D94,'Master List'!$A$4:$G$1633,3,FALSE) -> 47-144 | D94: 255 | E94: 0.1566918 | F94: 6 | G94: 0.14125835
A95: =$A$1 -> 2022-002 | B95: =VLOOKUP(D95,'Master List'!A78:G1707,7,FALSE) -> 58 | C95: =VLOOKUP(D95,'Master List'!$A$4:$G$1633,3,FALSE) -> 47-144 | D95: 257 | E95: 0.5016122 | F95: 6 | G95: 0.19482197
A96: =$A$1 -> 2022-002 | B96: =VLOOKUP(D96,'Master List'!A79:G1708,7,FALSE) -> 58 | C96: =VLOOKUP(D96,'Master List'!$A$4:$G$1633,3,FALSE) -> 47-144 | D96: 258 | E96: 0.52963762 | F96: 36 | G96: 0.19888099 | H96: CHL: %CV>10
A97: =$A$1 -> 2022-002 | B97: =VLOOKUP(D97,'Master List'!A80:G1709,7,FALSE) -> 58 | C97: =VLOOKUP(D97,'Master List'!$A$4:$G$1633,3,FALSE) -> 47-144 | D97: 261 | E97: 0.50374362 | F97: 6 | G97: 0.20020846
A98: =$A$1 -> 2022-002 | B98: =VLOOKUP(D98,'Master List'!A81:G1710,7,FALSE) -> 62 | C98: =VLOOKUP(D98,'Master List'!$A$4:$G$1633,3,FALSE) -> 48-144 | D98: 268 | E98: 0.020735426 | F98: 26 | G98: 0.047867975 | H98: CHL: <Minimum Limit of Detection
A99: =$A$1 -> 2022-002 | B99: =VLOOKUP(D99,'Master List'!A82:G1711,7,FALSE) -> 62 | C99: =VLOOKUP(D99,'Master List'!$A$4:$G$1633,3,FALSE) -> 48-144 | D99: 272 | E99: 0.069952618 | F99: 6 | G99: 0.10576787
A100: =$A$1 -> 2022-002 | B100: =VLOOKUP(D100,'Master List'!A83:G1712,7,FALSE) -> 62 | C100: =VLOOKUP(D100,'Master List'!$A$4:$G$1633,3,FALSE) -> 48-144 | D100: 273 | E100: 0.42044804 | F100: 2 | G100: 0.23765036 | H100: CHL: duplicate 273A rejected.
A101: =$A$1 -> 2022-002 | B101: =VLOOKUP(D101,'Master List'!A84:G1713,7,FALSE) -> 62 | C101: =VLOOKUP(D101,'Master List'!$A$4:$G$1633,3,FALSE) -> 48-144 | D101: 276 | E101: 0.41824394 | F101: 6 | G101: 0.19273138
A102: =$A$1 -> 2022-002 | B102: =VLOOKUP(D102,'Master List'!A85:G1714,7,FALSE) -> 62 | C102: =VLOOKUP(D102,'Master List'!$A$4:$G$1633,3,FALSE) -> 48-144 | D102: 278 | E102: 0.40257856 | F102: 6 | G102: 0.18281549
A103: =$A$1 -> 2022-002 | B103: =VLOOKUP(D103,'Master List'!A86:G1715,7,FALSE) -> 62 | C103: =VLOOKUP(D103,'Master List'!$A$4:$G$1633,3,FALSE) -> 48-144 | D103: 284 | E103: 0.36287678 | F103: 6 | G103: 0.25589625
A104: =$A$1 -> 2022-002 | B104: =VLOOKUP(D104,'Master List'!A87:G1716,7,FALSE) -> 65 | C104: =VLOOKUP(D104,'Master List'!$A$4:$G$1633,3,FALSE) -> 49-144 | D104: 296 | E104: 0.015494595 | F104: 26 | G104: 0.048050389 | H104: CHL: <Minimum Limit of Detection
A105: =$A$1 -> 2022-002 | B105: =VLOOKUP(D105,'Master List'!A88:G1717,7,FALSE) -> 65 | C105: =VLOOKUP(D105,'Master List'!$A$4:$G$1633,3,FALSE) -> 49-144 | D105: 298 | E105: 0.050471177 | F105: 36 | G105: 0.062132236 | H105: CHL: %CV>10
A106: =$A$1 -> 2022-002 | B106: =VLOOKUP(D106,'Master List'!A89:G1718,7,FALSE) -> 65 | C106: =VLOOKUP(D106,'Master List'!$A$4:$G$1633,3,FALSE) -> 49-144 | D106: 299 | E106: 0.15670683 | F106: 6 | G106: 0.12624881
A107: =$A$1 -> 2022-002 | B107: =VLOOKUP(D107,'Master List'!A90:G1719,7,FALSE) -> 65 | C107: =VLOOKUP(D107,'Master List'!$A$4:$G$1633,3,FALSE) -> 49-144 | D107: 301 | E107: 0.39808235 | F107: 6 | G107: 0.12540606
A108: =$A$1 -> 2022-002 | B108: =VLOOKUP(D108,'Master List'!A91:G1720,7,FALSE) -> 65 | C108: =VLOOKUP(D108,'Master List'!$A$4:$G$1633,3,FALSE) -> 49-144 | D108: 302 | E108: 0.3741181 | F108: 6 | G108: 0.17797959
...

Sheet CV% 
A1: =Notes!A1 -> 2022-002
A2: Calculating CV % for duplicate pairs and Overall CV% for dataset | N2: Chl min | O2: =MIN(I:I) -> 0.0030993015
A3: Average of two samples is reported. | N3: Chl max | O3: =MAX(I:I) -> 0.81262965
A4: When samples Chl.a is below Minimum Detection Limit, the CV% is not calculated and is excluded from the CV% calculation and precsision statement. | N4: # Dups | O4: =COUNT(I:I) -> 195
A5: When average of 2 samples is below minimum detectable limit (<MDL), the Chlorophyll: extracted is reported as-is, Quality Flag is 2 with an associated comment. | N5: %CV >10 | O5: =COUNTIF(H:H,">10") -> 36
A6: When duplicate pair CV % is greater than 10 %, Quality Flag is 3 with an associated comment . | N6: CHL: %CV>30 | O6: =COUNTIF(H:H,">30") -> 9
A7: When duplicate pair CV % is greater than 30 %, Quality Flag is 4 with an associated comment. | N7: %CV Avg | O7: =AVERAGE(H:H) -> 8.8230644
N8: # Rejected | O8: {=(SUMPRODUCT((LEN(L:L)-LEN(SUBSTITUTE((UPPER(L:L)),UPPER("rejected"),"")))/LEN("rejected")))/2} -> 10
A9: Station | B9: Sample_Number | C9: Duplicate | D9: Chl.a | E9: Phaeo | F9: diff | G9: diff^2 | H9: CV% (chl) | I9: Chlorophyll:Extracted | J9: Phaeo-Pigment:Extracted | K9: Flag:Chlorophyll:Extracted | L9: Comments | N9: # <MLD | O9: =((COUNTIFS(D:D,"<0.025"))-(COUNTIF(D:D,-99))) -> 71
A10: =VLOOKUP(B10,'Master List'!$A$4:$C$1633,3,FALSE) -> 50-135 | B10: 4 | C10: A | D10: 0.016513577 | E10: 0.060992169 | I10: =AVERAGE(D10:D11) -> 0.015479292 | J10: =AVERAGE(E10:E11) -> 0.053007683 | K10: 26 | L10: CHL: <Minimum Limit of Detection
A11: =VLOOKUP(B11,'Master List'!$A$4:$C$1633,3,FALSE) -> 50-135 | B11: 4 | C11: B | D11: 0.014445008 | E11: 0.045023197
A12: =VLOOKUP(B12,'Master List'!$A$4:$C$1633,3,FALSE) -> 50-135 | B12: 6 | C12: A | D12: 0.33050763 | E12: 0.2327728 | F12: =(D12-D13) -> -0.019217746 | G12: =F12^2 -> 0.00036932177 | H12: =(_xlfn.STDEV.S(D12:D13)/AVERAGE(D12:D13))*100 -> 3.9953952 | I12: =AVERAGE(D12:D13) -> 0.34011651 | J12: =AVERAGE(E12:E13) -> 0.1586711 | K12: 6
A13: =VLOOKUP(B13,'Master List'!$A$4:$C$1633,3,FALSE) -> 50-135 | B13: 6 | C13: B | D13: 0.34972538 | E13: 0.084569409
A14: =VLOOKUP(B14,'Master List'!$A$4:$C$1633,3,FALSE) -> 50-135 | B14: 9 | C14: A | D14: -99 | E14: -99 | K14: 1 | L14: Replicate A and B lost during sampling - no plastic grid put under filter.
A15: =VLOOKUP(B15,'Master List'!$A$4:$C$1633,3,FALSE) -> 50-135 | B15: 9 | C15: B | D15: -99 | E15: -99
A16: =VLOOKUP(B16,'Master List'!$A$4:$C$1633,3,FALSE) -> 50-135 | B16: 12 | C16: A | D16: 0.40651512 | E16: 0.13428669 | F16: =(D16-D17) -> 0.042132684 | G16: =F16^2 -> 0.0017751631 | H16: =(_xlfn.STDEV.S(D16:D17)/AVERAGE(D16:D17))*100 -> 7.7292518 | I16: =AVERAGE(D16:D17) -> 0.38544878 | J16: =AVERAGE(E16:E17) -> 0.13023512 | K16: 6
A17: =VLOOKUP(B17,'Master List'!$A$4:$C$1633,3,FALSE) -> 50-135 | B17: 12 | C17: B | D17: 0.36438244 | E17: 0.12618354
A18: =VLOOKUP(B18,'Master List'!$A$4:$C$1633,3,FALSE) -> 50-135 | B18: 14 | C18: A | D18: -99 | E18: -99 | K18: 2 | L18: Replicate A lost during sampling.
A19: =VLOOKUP(B19,'Master List'!$A$4:$C$1633,3,FALSE) -> 50-135 | B19: 14 | C19: B | D19: 0.3569263 | E19: 0.11681006
A20: =VLOOKUP(B20,'Master List'!$A$4:$C$1633,3,FALSE) -> 50-135 | B20: 20 | C20: A | D20: 0.39112901 | E20: 0.11847258 | F20: =(D20-D21) -> 0.034022363 | G20: =F20^2 -> 0.0011575212 | H20: =(_xlfn.STDEV.S(D20:D21)/AVERAGE(D20:D21))*100 -> 6.4304455 | I20: =AVERAGE(D20:D21) -> 0.37411783 | J20: =AVERAGE(E20:E21) -> 0.11098976 | K20: 6
A21: =VLOOKUP(B21,'Master List'!$A$4:$C$1633,3,FALSE) -> 50-135 | B21: 20 | C21: B | D21: 0.35710665 | E21: 0.10350693
A22: =VLOOKUP(B22,'Master List'!$A$4:$C$1633,3,FALSE) -> 49-135 | B22: 24 | C22: A | D22: 0.019047233 | E22: 0.045190672 | I22: =AVERAGE(D22:D23) -> 0.012908473 | J22: =AVERAGE(E22:E23) -> 0.057730266 | K22: 26 | L22: CHL: <Minimum Limit of Detection
A23: =VLOOKUP(B23,'Master List'!$A$4:$C$1633,3,FALSE) -> 49-135 | B23: 24 | C23: B | D23: 0.006769714 | E23: 0.070269859
A24: =VLOOKUP(B24,'Master List'!$A$4:$C$1633,3,FALSE) -> 49-135 | B24: 28 | C24: A | D24: 0.14669353 | E24: 0.10274487 | F24: =(D24-D25) -> 0.00059898333 | G24: =F24^2 -> 3.5878103e-07 | H24: =(_xlfn.STDEV.S(D24:D25)/AVERAGE(D24:D25))*100 -> 0.28931859 | I24: =AVERAGE(D24:D25) -> 0.14639404 | J24: =AVERAGE(E24:E25) -> 0.11451207 | K24: 6
A25: =VLOOKUP(B25,'Master List'!$A$4:$C$1633,3,FALSE) -> 49-135 | B25: 28 | C25: B | D25: 0.14609455 | E25: 0.12627926
A26: =VLOOKUP(B26,'Master List'!$A$4:$C$1633,3,FALSE) -> 49-135 | B26: 29 | C26: A | D26: 0.31030998 | E26: 0.11582796 | F26: =(D26-D27) -> -0.0050694976 | G26: =F26^2 -> 2.5699806e-05 | H26: =(_xlfn.STDEV.S(D26:D27)/AVERAGE(D26:D27))*100 -> 1.1458324 | I26: =AVERAGE(D26:D27) -> 0.31284473 | J26: =AVERAGE(E26:E27) -> 0.12518718 | K26: 6
A27: =VLOOKUP(B27,'Master List'!$A$4:$C$1633,3,FALSE) -> 49-135 | B27: 29 | C27: B | D27: 0.31537948 | E27: 0.13454641
A28: =VLOOKUP(B28,'Master List'!$A$4:$C$1633,3,FALSE) -> 49-135 | B28: 32 | C28: A | D28: 0.29088729 | E28: 0.13036688 | F28: =(D28-D29) -> -0.049029737 | G28: =F28^2 -> 0.0024039151 | H28: =(_xlfn.STDEV.S(D28:D29)/AVERAGE(D28:D29))*100 -> 10.992081 | I28: =AVERAGE(D28:D29) -> 0.31540216 | J28: =AVERAGE(E28:E29) -> 0.12403156 | K28: 36 | L28: CHL: %CV>10
A29: =VLOOKUP(B29,'Master List'!$A$4:$C$1633,3,FALSE) -> 49-135 | B29: 32 | C29: B | D29: 0.33991703 | E29: 0.11769624
A30: =VLOOKUP(B30,'Master List'!$A$4:$C$1633,3,FALSE) -> 49-135 | B30: 34 | C30: A | D30: 0.31928927 | E30: 0.15296877 | F30: =(D30-D31) -> -0.0245687 | G30: =F30^2 -> 0.00060362104 | H30: =(_xlfn.STDEV.S(D30:D31)/AVERAGE(D30:D31))*100 -> 5.2394683 | I30: =AVERAGE(D30:D31) -> 0.33157362 | J30: =AVERAGE(E30:E31) -> 0.1515768 | K30: 6
A31: =VLOOKUP(B31,'Master List'!$A$4:$C$1633,3,FALSE) -> 49-135 | B31: 34 | C31: B | D31: 0.34385797 | E31: 0.15018482
A32: =VLOOKUP(B32,'Master List'!$A$4:$C$1633,3,FALSE) -> 49-135 | B32: 40 | C32: A | D32: 0.34833996 | E32: 0.1516659 | F32: =(D32-D33) -> 0.04305466 | G32: =F32^2 -> 0.0018537037 | H32: =(_xlfn.STDEV.S(D32:D33)/AVERAGE(D32:D33))*100 -> 9.3155034 | I32: =AVERAGE(D32:D33) -> 0.32681263 | J32: =AVERAGE(E32:E33) -> 0.15307153 | K32: 6
A33: =VLOOKUP(B33,'Master List'!$A$4:$C$1633,3,FALSE) -> 49-135 | B33: 40 | C33: B | D33: 0.3052853 | E33: 0.15447715
A34: =VLOOKUP(B34,'Master List'!$A$4:$C$1633,3,FALSE) -> 48-135 | B34: 44 | C34: A | D34: 0.012822397 | E34: 0.063896067 | I34: =AVERAGE(D34:D35) -> 0.010270159 | J34: =AVERAGE(E34:E35) -> 0.073281275 | K34: 26 | L34: CHL: <Minimum Limit of Detection
A35: =VLOOKUP(B35,'Master List'!$A$4:$C$1633,3,FALSE) -> 48-135 | B35: 44 | C35: B | D35: 0.0077179221 | E35: 0.082666483
A36: =VLOOKUP(B36,'Master List'!$A$4:$C$1633,3,FALSE) -> 48-135 | B36: 48 | C36: A | D36: 0.37529093 | E36: 0.080928518 | F36: =(D36-D37) -> 0.15085526 | G36: =F36^2 -> 0.022757311 | H36: =(_xlfn.STDEV.S(D36:D37)/AVERAGE(D36:D37))*100 -> 35.573136 | K36: 2 | L36: CHL: rejected duplicate 48A
A37: =VLOOKUP(B37,'Master List'!$A$4:$C$1633,3,FALSE) -> 48-135 | B37: 48 | C37: B | D37: 0.22443567 | E37: 0.21602546 | L37: CHL: duplicate 48A rejected. 48A - filter was essentially disintegrated after extraction, and CHL concentration for 48B agrees with the CTD fluorometer best (at 0.17 ug/L).
A38: =VLOOKUP(B38,'Master List'!$A$4:$C$1633,3,FALSE) -> 48-135 | B38: 49 | C38: A | D38: 0.39488523 | E38: 0.19460273 | F38: =(D38-D39) -> 0.017583658 | G38: =F38^2 -> 0.00030918505 | H38: =(_xlfn.STDEV.S(D38:D39)/AVERAGE(D38:D39))*100 -> 3.220341 | I38: =AVERAGE(D38:D39) -> 0.3860934 | J38: =AVERAGE(E38:E39) -> 0.18665719 | K38: 6
A39: =VLOOKUP(B39,'Master List'!$A$4:$C$1633,3,FALSE) -> 48-135 | B39: 49 | C39: B | D39: 0.37730157 | E39: 0.17871164
A40: =VLOOKUP(B40,'Master List'!$A$4:$C$1633,3,FALSE) -> 48-135 | B40: 52 | C40: A | D40: 0.36586733 | E40: 0.14913116 | F40: =(D40-D41) -> -0.014006154 | G40: =F40^2 -> 0.00019617235 | H40: =(_xlfn.STDEV.S(D40:D41)/AVERAGE(D40:D41))*100 -> 2.6561096 | I40: =AVERAGE(D40:D41) -> 0.3728704 | J40: =AVERAGE(E40:E41) -> 0.15786997 | K40: 6
A41: =VLOOKUP(B41,'Master List'!$A$4:$C$1633,3,FALSE) -> 48-135 | B41: 52 | C41: B | D41: 0.37987348 | E41: 0.16660878
A42: =VLOOKUP(B42,'Master List'!$A$4:$C$1633,3,FALSE) -> 48-135 | B42: 54 | C42: A | D42: 0.3656755 | E42: 0.21497913 | F42: =(D42-D43) -> -0.013591347 | G42: =F42^2 -> 0.00018472472 | H42: =(_xlfn.STDEV.S(D42:D43)/AVERAGE(D42:D43))*100 -> 2.5802087 | I42: =AVERAGE(D42:D43) -> 0.37247117 | J42: =AVERAGE(E42:E43) -> 0.19025389 | K42: 6
A43: =VLOOKUP(B43,'Master List'!$A$4:$C$1633,3,FALSE) -> 48-135 | B43: 54 | C43: B | D43: 0.37926685 | E43: 0.16552865
A44: =VLOOKUP(B44,'Master List'!$A$4:$C$1633,3,FALSE) -> 48-135 | B44: 60 | C44: A | D44: 0.38483914 | E44: 0.1414057 | F44: =(D44-D45) -> 0.026409918 | G44: =F44^2 -> 0.00069748379 | H44: =(_xlfn.STDEV.S(D44:D45)/AVERAGE(D44:D45))*100 -> 5.025004 | I44: =AVERAGE(D44:D45) -> 0.37163418 | J44: =AVERAGE(E44:E45) -> 0.14825419 | K44: 6
A45: =VLOOKUP(B45,'Master List'!$A$4:$C$1633,3,FALSE) -> 48-135 | B45: 60 | C45: B | D45: 0.35842922 | E45: 0.15510268
A46: =VLOOKUP(B46,'Master List'!$A$4:$C$1633,3,FALSE) -> 47-135 | B46: 64 | C46: A | D46: 0.018810044 | E46: 0.053982337 | I46: =AVERAGE(D46:D47) -> 0.016278574 | J46: =AVERAGE(E46:E47) -> 0.056175327 | K46: 26 | L46: CHL: <Minimum Limit of Detection
A47: =VLOOKUP(B47,'Master List'!$A$4:$C$1633,3,FALSE) -> 47-135 | B47: 64 | C47: B | D47: 0.013747105 | E47: 0.058368317
A48: =VLOOKUP(B48,'Master List'!$A$4:$C$1633,3,FALSE) -> 47-135 | B48: 68 | C48: A | D48: 0.19162056 | E48: 0.12753198 | F48: =(D48-D49) -> -0.0094427318 | G48: =F48^2 -> 8.9165183e-05 | H48: =(_xlfn.STDEV.S(D48:D49)/AVERAGE(D48:D49))*100 -> 3.4007101 | I48: =AVERAGE(D48:D49) -> 0.19634193 | J48: =AVERAGE(E48:E49) -> 0.12595364 | K48: 6
A49: =VLOOKUP(B49,'Master List'!$A$4:$C$1633,3,FALSE) -> 47-135 | B49: 68 | C49: B | D49: 0.20106329 | E49: 0.1243753
A50: =VLOOKUP(B50,'Master List'!$A$4:$C$1633,3,FALSE) -> 47-135 | B50: 69 | C50: A | D50: 0.35746025 | E50: 0.1955151 | F50: =(D50-D51) -> 0.019782299 | G50: =F50^2 -> 0.00039133935 | H50: =(_xlfn.STDEV.S(D50:D51)/AVERAGE(D50:D51))*100 -> 4.0245804 | I50: =AVERAGE(D50:D51) -> 0.3475691 | J50: =AVERAGE(E50:E51) -> 0.26647672 | K50: 6
A51: =VLOOKUP(B51,'Master List'!$A$4:$C$1633,3,FALSE) -> 47-135 | B51: 69 | C51: B | D51: 0.33767795 | E51: 0.33743833
A52: =VLOOKUP(B52,'Master List'!$A$4:$C$1633,3,FALSE) -> 47-135 | B52: 72 | C52: A | D52: 0.39128094 | E52: 0.18172386 | F52: =(D52-D53) -> 0.035034513 | G52: =F52^2 -> 0.0012274171 | H52: =(_xlfn.STDEV.S(D52:D53)/AVERAGE(D52:D53))*100 -> 6.6280227 | I52: =AVERAGE(D52:D53) -> 0.37376369 | J52: =AVERAGE(E52:E53) -> 0.18459353 | K52: 6
A53: =VLOOKUP(B53,'Master List'!$A$4:$C$1633,3,FALSE) -> 47-135 | B53: 72 | C53: B | D53: 0.35624643 | E53: 0.18746321
A54: =VLOOKUP(B54,'Master List'!$A$4:$C$1633,3,FALSE) -> 47-135 | B54: 74 | C54: A | D54: 0.35960751 | E54: 0.17089532 | F54: =(D54-D55) -> 0.0029413579 | G54: =F54^2 -> 8.6515865e-06 | H54: =(_xlfn.STDEV.S(D54:D55)/AVERAGE(D54:D55))*100 -> 0.58074287 | I54: =AVERAGE(D54:D55) -> 0.35813683 | J54: =AVERAGE(E54:E55) -> 0.1624975 | K54: 6
A55: =VLOOKUP(B55,'Master List'!$A$4:$C$1633,3,FALSE) -> 47-135 | B55: 74 | C55: B | D55: 0.35666616 | E55: 0.15409969
A56: =VLOOKUP(B56,'Master List'!$A$4:$C$1633,3,FALSE) -> 47-135 | B56: 80 | C56: A | D56: 0.36139353 | E56: 0.16492313 | F56: =(D56-D57) -> 0.031324205 | G56: =F56^2 -> 0.00098120582 | H56: =(_xlfn.STDEV.S(D56:D57)/AVERAGE(D56:D57))*100 -> 6.4065792 | I56: =AVERAGE(D56:D57) -> 0.34573143 | J56: =AVERAGE(E56:E57) -> 0.14327783 | K56: 6
A57: =VLOOKUP(B57,'Master List'!$A$4:$C$1633,3,FALSE) -> 47-135 | B57: 80 | C57: B | D57: 0.33006933 | E57: 0.12163252
A58: =VLOOKUP(B58,'Master List'!$A$4:$C$1633,3,FALSE) -> 47-138 | B58: 84 | C58: A | D58: 0.017535018 | E58: 0.061087569 | I58: =AVERAGE(D58:D59) -> 0.017767015 | J58: =AVERAGE(E58:E59) -> 0.051381427 | K58: 26 | L58: CHL: <Minimum Limit of Detection
A59: =VLOOKUP(B59,'Master List'!$A$4:$C$1633,3,FALSE) -> 47-138 | B59: 84 | C59: B | D59: 0.017999012 | E59: 0.041675286
A60: =VLOOKUP(B60,'Master List'!$A$4:$C$1633,3,FALSE) -> 47-138 | B60: 88 | C60: A | D60: 0.092818916 | E60: 0.083420556 | F60: =(D60-D61) -> 0.0022390828 | G60: =F60^2 -> 5.0134916e-06 | H60: =(_xlfn.STDEV.S(D60:D61)/AVERAGE(D60:D61))*100 -> 1.7265882 | I60: =AVERAGE(D60:D61) -> 0.091699375 | J60: =AVERAGE(E60:E61) -> 0.090406922 | K60: 6
A61: =VLOOKUP(B61,'Master List'!$A$4:$C$1633,3,FALSE) -> 47-138 | B61: 88 | C61: B | D61: 0.090579833 | E61: 0.097393288
A62: =VLOOKUP(B62,'Master List'!$A$4:$C$1633,3,FALSE) -> 47-138 | B62: 89 | C62: A | D62: 0.13118992 | E62: 0.12521337 | F62: =(D62-D63) -> -0.11156174 | G62: =F62^2 -> 0.012446022 | H62: =(_xlfn.STDEV.S(D62:D63)/AVERAGE(D62:D63))*100 -> 42.191651 | K62: 2 | L62: CHL: duplicate 89B rejected; CHL value for 89A has better agreement with CTD fluorometer (0.15ug/L).
A63: =VLOOKUP(B63,'Master List'!$A$4:$C$1633,3,FALSE) -> 47-138 | B63: 89 | C63: B | D63: 0.24275166 | E63: 0.138914 | L63: CHL: rejected duplicate 89B
A64: =VLOOKUP(B64,'Master List'!$A$4:$C$1633,3,FALSE) -> 47-138 | B64: 92 | C64: A | D64: 0.44160429 | E64: 0.18904158 | F64: =(D64-D65) -> -0.010210589 | G64: =F64^2 -> 0.00010425613 | H64: =(_xlfn.STDEV.S(D64:D65)/AVERAGE(D64:D65))*100 -> 1.6162574 | I64: =AVERAGE(D64:D65) -> 0.44670958 | J64: =AVERAGE(E64:E65) -> 0.19404491 | K64: 6
A65: =VLOOKUP(B65,'Master List'!$A$4:$C$1633,3,FALSE) -> 47-138 | B65: 92 | C65: B | D65: 0.45181488 | E65: 0.19904823
A66: =VLOOKUP(B66,'Master List'!$A$4:$C$1633,3,FALSE) -> 47-138 | B66: 94 | C66: A | D66: 0.46532807 | E66: 0.22111249 | F66: =(D66-D67) -> 0.071238028 | G66: =F66^2 -> 0.0050748566 | H66: =(_xlfn.STDEV.S(D66:D67)/AVERAGE(D66:D67))*100 -> 11.722558 | I66: =AVERAGE(D66:D67) -> 0.42970906 | J66: =AVERAGE(E66:E67) -> 0.19233328 | K66: 36 | L66: CHL: %CV>10
A67: =VLOOKUP(B67,'Master List'!$A$4:$C$1633,3,FALSE) -> 47-138 | B67: 94 | C67: B | D67: 0.39409004 | E67: 0.16355407
A68: =VLOOKUP(B68,'Master List'!$A$4:$C$1633,3,FALSE) -> 47-138 | B68: 100 | C68: A | D68: 0.5081204 | E68: 0.22673543 | F68: =(D68-D69) -> 0.049539638 | G68: =F68^2 -> 0.0024541757 | H68: =(_xlfn.STDEV.S(D68:D69)/AVERAGE(D68:D69))*100 -> 7.247289 | I68: =AVERAGE(D68:D69) -> 0.48335058 | J68: =AVERAGE(E68:E69) -> 0.19969603 | K68: 6
A69: =VLOOKUP(B69,'Master List'!$A$4:$C$1633,3,FALSE) -> 47-138 | B69: 100 | C69: B | D69: 0.45858076 | E69: 0.17265662
A70: =VLOOKUP(B70,'Master List'!$A$4:$C$1633,3,FALSE) -> 48-138 | B70: 104 | C70: A | D70: 0.016426134 | E70: 0.046478039 | I70: =AVERAGE(D70:D71) -> 0.013977189 | J70: =AVERAGE(E70:E71) -> 0.044293662 | K70: 26 | L70: CHL: <Minimum Limit of Detection
A71: =VLOOKUP(B71,'Master List'!$A$4:$C$1633,3,FALSE) -> 48-138 | B71: 104 | C71: B | D71: 0.011528243 | E71: 0.042109286
A72: =VLOOKUP(B72,'Master List'!$A$4:$C$1633,3,FALSE) -> 48-138 | B72: 108 | C72: A | D72: 0.12981106 | E72: 0.10720359 | F72: =(D72-D73) -> 0.0023128626 | G72: =F72^2 -> 5.3493336e-06 | H72: =(_xlfn.STDEV.S(D72:D73)/AVERAGE(D72:D73))*100 -> 1.271187 | I72: =AVERAGE(D72:D73) -> 0.12865462 | J72: =AVERAGE(E72:E73) -> 0.11525661 | K72: 6
A73: =VLOOKUP(B73,'Master List'!$A$4:$C$1633,3,FALSE) -> 48-138 | B73: 108 | C73: B | D73: 0.12749819 | E73: 0.12330962
A74: =VLOOKUP(B74,'Master List'!$A$4:$C$1633,3,FALSE) -> 48-138 | B74: 109 | C74: A | D74: 0.20256895 | E74: 0.15816167 | F74: =(D74-D75) -> 0.019983964 | G74: =F74^2 -> 0.00039935882 | H74: =(_xlfn.STDEV.S(D74:D75)/AVERAGE(D74:D75))*100 -> 7.3377396 | I74: =AVERAGE(D74:D75) -> 0.19257697 | J74: =AVERAGE(E74:E75) -> 0.15059308 | K74: 6
A75: =VLOOKUP(B75,'Master List'!$A$4:$C$1633,3,FALSE) -> 48-138 | B75: 109 | C75: B | D75: 0.18258498 | E75: 0.14302449
A76: =VLOOKUP(B76,'Master List'!$A$4:$C$1633,3,FALSE) -> 48-138 | B76: 112 | C76: A | D76: 0.45053493 | E76: 0.19823439 | F76: =(D76-D77) -> 0.022376072 | G76: =F76^2 -> 0.00050068858 | H76: =(_xlfn.STDEV.S(D76:D77)/AVERAGE(D76:D77))*100 -> 3.6013164 | I76: =AVERAGE(D76:D77) -> 0.4393469 | J76: =AVERAGE(E76:E77) -> 0.16588483 | K76: 6
A77: =VLOOKUP(B77,'Master List'!$A$4:$C$1633,3,FALSE) -> 48-138 | B77: 112 | C77: B | D77: 0.42815886 | E77: 0.13353527
A78: =VLOOKUP(B78,'Master List'!$A$4:$C$1633,3,FALSE) -> 48-138 | B78: 114 | C78: A | D78: 0.47134906 | E78: 0.13129455 | F78: =(D78-D79) -> -0.010440126 | G78: =F78^2 -> 0.00010899624 | H78: =(_xlfn.STDEV.S(D78:D79)/AVERAGE(D78:D79))*100 -> 1.549048 | I78: =AVERAGE(D78:D79) -> 0.47656912 | J78: =AVERAGE(E78:E79) -> 0.15780684 | K78: 6
A79: =VLOOKUP(B79,'Master List'!$A$4:$C$1633,3,FALSE) -> 48-138 | B79: 114 | C79: B | D79: 0.48178918 | E79: 0.18431913
A80: =VLOOKUP(B80,'Master List'!$A$4:$C$1633,3,FALSE) -> 48-138 | B80: 120 | C80: A | D80: 0.46595329 | E80: 0.20332621 | F80: =(D80-D81) -> 0.063227719 | G80: =F80^2 -> 0.0039977444 | H80: =(_xlfn.STDEV.S(D80:D81)/AVERAGE(D80:D81))*100 -> 10.293505 | I80: =AVERAGE(D80:D81) -> 0.43433943 | J80: =AVERAGE(E80:E81) -> 0.1824445 | K80: 36 | L80: CHL: %CV>10
A81: =VLOOKUP(B81,'Master List'!$A$4:$C$1633,3,FALSE) -> 48-138 | B81: 120 | C81: B | D81: 0.40272557 | E81: 0.16156279
A82: =VLOOKUP(B82,'Master List'!$A$4:$C$1633,3,FALSE) -> 49-138 | B82: 124 | C82: A | D82: 0.017849813 | E82: 0.042804715 | I82: =AVERAGE(D82:D83) -> 0.013136098 | J82: =AVERAGE(E82:E83) -> 0.050571319 | K82: 26 | L82: CHL: <Minimum Limit of Detection
A83: =VLOOKUP(B83,'Master List'!$A$4:$C$1633,3,FALSE) -> 49-138 | B83: 124 | C83: B | D83: 0.0084223833 | E83: 0.058337923
A84: =VLOOKUP(B84,'Master List'!$A$4:$C$1633,3,FALSE) -> 49-138 | B84: 128 | C84: A | D84: 0.070718289 | E84: 0.068717033 | F84: =(D84-D85) -> 0.015914594 | G84: =F84^2 -> 0.00025327429 | H84: =(_xlfn.STDEV.S(D84:D85)/AVERAGE(D84:D85))*100 -> 17.930432 | I84: =AVERAGE(D84:D85) -> 0.062760993 | J84: =AVERAGE(E84:E85) -> 0.076070137 | K84: 36 | L84: CHL: %CV>10
A85: =VLOOKUP(B85,'Master List'!$A$4:$C$1633,3,FALSE) -> 49-138 | B85: 128 | C85: B | D85: 0.054803696 | E85: 0.08342324
A86: =VLOOKUP(B86,'Master List'!$A$4:$C$1633,3,FALSE) -> 49-138 | B86: 129 | C86: A | D86: 0.2550483 | E86: 0.14626842 | F86: =(D86-D87) -> 0.059565504 | G86: =F86^2 -> 0.0035480493 | H86: =(_xlfn.STDEV.S(D86:D87)/AVERAGE(D86:D87))*100 -> 18.697564 | I86: =AVERAGE(D86:D87) -> 0.22526555 | J86: =AVERAGE(E86:E87) -> 0.13924961 | K86: 36 | L86: CHL: %CV>10
A87: =VLOOKUP(B87,'Master List'!$A$4:$C$1633,3,FALSE) -> 49-138 | B87: 129 | C87: B | D87: 0.1954828 | E87: 0.13223079
A88: =VLOOKUP(B88,'Master List'!$A$4:$C$1633,3,FALSE) -> 49-138 | B88: 132 | C88: A | D88: 0.33018246 | E88: 0.17265564 | F88: =(D88-D89) -> -0.025120683 | G88: =F88^2 -> 0.00063104873 | H88: =(_xlfn.STDEV.S(D88:D89)/AVERAGE(D88:D89))*100 -> 5.182605 | I88: =AVERAGE(D88:D89) -> 0.3427428 | J88: =AVERAGE(E88:E89) -> 0.16123397 | K88: 6
A89: =VLOOKUP(B89,'Master List'!$A$4:$C$1633,3,FALSE) -> 49-138 | B89: 132 | C89: B | D89: 0.35530314 | E89: 0.1498123
A90: =VLOOKUP(B90,'Master List'!$A$4:$C$1633,3,FALSE) -> 49-138 | B90: 134 | C90: A | D90: 0.5022273 | E90: 0.2430261 | F90: =(D90-D91) -> 0.016347982 | G90: =F90^2 -> 0.00026725652 | H90: =(_xlfn.STDEV.S(D90:D91)/AVERAGE(D90:D91))*100 -> 2.3397817 | I90: =AVERAGE(D90:D91) -> 0.49405331 | J90: =AVERAGE(E90:E91) -> 0.20067249 | K90: 6
A91: =VLOOKUP(B91,'Master List'!$A$4:$C$1633,3,FALSE) -> 49-138 | B91: 134 | C91: B | D91: 0.48587932 | E91: 0.15831888
A92: =VLOOKUP(B92,'Master List'!$A$4:$C$1633,3,FALSE) -> 49-138 | B92: 140 | C92: A | D92: 0.48458243 | E92: 0.16369208 | F92: =(D92-D93) -> 0.045085519 | G92: =F92^2 -> 0.002032704 | H92: =(_xlfn.STDEV.S(D92:D93)/AVERAGE(D92:D93))*100 -> 6.8999002 | I92: =AVERAGE(D92:D93) -> 0.46203967 | J92: =AVERAGE(E92:E93) -> 0.16320648 | K92: 6
A93: =VLOOKUP(B93,'Master List'!$A$4:$C$1633,3,FALSE) -> 49-138 | B93: 140 | C93: B | D93: 0.43949691 | E93: 0.16272089
A94: =VLOOKUP(B94,'Master List'!$A$4:$C$1633,3,FALSE) -> 50-138 | B94: 144 | C94: A | D94: 0.019758799 | E94: 0.056612265 | I94: =AVERAGE(D94:D95) -> 0.019564785 | J94: =AVERAGE(E94:E95) -> 0.054147265 | K94: 26 | L94: CHL: <Minimum Limit of Detection
A95: =VLOOKUP(B95,'Master List'!$A$4:$C$1633,3,FALSE) -> 50-138 | B95: 144 | C95: B | D95: 0.019370771 | E95: 0.051682265
A96: =VLOOKUP(B96,'Master List'!$A$4:$C$1633,3,FALSE) -> 50-138 | B96: 148 | C96: A | D96: 0.12774194 | E96: 0.12329403 | F96: =(D96-D97) -> 0.011996609 | G96: =F96^2 -> 0.00014391862 | H96: =(_xlfn.STDEV.S(D96:D97)/AVERAGE(D96:D97))*100 -> 6.9678249 | I96: =AVERAGE(D96:D97) -> 0.12174364 | J96: =AVERAGE(E96:E97) -> 0.1118773 | K96: 6
A97: =VLOOKUP(B97,'Master List'!$A$4:$C$1633,3,FALSE) -> 50-138 | B97: 148 | C97: B | D97: 0.11574533 | E97: 0.10046056
A98: =VLOOKUP(B98,'Master List'!$A$4:$C$1633,3,FALSE) -> 50-138 | B98: 149 | C98: A | D98: 0.29881836 | E98: 0.16890424 | F98: =(D98-D99) -> 0.02706246 | G98: =F98^2 -> 0.00073237676 | H98: =(_xlfn.STDEV.S(D98:D99)/AVERAGE(D98:D99))*100 -> 6.7076456 | I98: =AVERAGE(D98:D99) -> 0.28528713 | J98: =AVERAGE(E98:E99) -> 0.15366939 | K98: 6
A99: =VLOOKUP(B99,'Master List'!$A$4:$C$1633,3,FALSE) -> 50-138 | B99: 149 | C99: B | D99: 0.2717559 | E99: 0.13843454
A100: =VLOOKUP(B100,'Master List'!$A$4:$C$1633,3,FALSE) -> 50-138 | B100: 152 | C100: A | D100: 0.41047027 | E100: 0.20046303 | F100: =(D100-D101) -> 0.0064931761 | G100: =F100^2 -> 4.2161335e-05 | H100: =(_xlfn.STDEV.S(D100:D101)/AVERAGE(D100:D101))*100 -> 1.1274808 | I100: =AVERAGE(D100:D101) -> 0.40722368 | J100: =AVERAGE(E100:E101) -> 0.19086218 | K100: 6
...

Sheet Raw Data
A1: =Notes!A1 -> 2022-002 | I1: Summary
A2: Model: | B2: Turner Trilogy 7200-000(blue) | I2: CHL min | J2: ='CV% '!O2 -> 0.0030993015
A3: Module: | B3: WP #2 old module | I3: CHL Max | J3: ='CV% '!O3 -> 0.81262965
A4: SN: | B4: 720 222 180 | I4: CHL average | J4: =AVERAGEIF(P12:P431,">-.01") -> 0.25690001
A5: Analysis: | B5: Hayleigh Shannon | I5: # samples | J5: =COUNT(CHL!E20:E229) -> 210
A6: Calibration : | B6: February 10, 2022: Chl-a (ug/L) = .0007677*(1.859/(1.859-1))*(Fo-Fa)*(vol-ex / vol-filt)*(dilution factor) | I6: #Dups | J6: ='CV% '!O4 -> 195
B7: February 10, 2022: Phaeo(ug/L) = .0007677*(1.859/(1.859-1))*((1.859*Fa)-Fo)*(vol-ex / vol-filt)*(dilution factor) | I7: %CV | J7: ='CV% '!O7 -> 8.8230644
A8: Avge Tau | B8: 1.8585929
A9: Slope | B9: 0.00076766546
J10: Turner Trilogy
A11: Analyzed_Date | B11: Station | C11: Sample_Number | D11: Duplicate | E11: Depth (dbar) | F11: CTD fluor | G11: Volume Filtered (mL) | H11: Vol.acet. (mL) | I11: Dilution factor | J11: Before acid | K11: After acid | L11: Before acid blank | M11: After acid blank | N11: Blank Corrected Before | O11: Blank Corrected After | P11: Chl a ug/L | Q11: Phaeo ug/L | R11: Ratio Rb/Ra | S11: notes | T11: ORDER
A12: 44750 | B12: =VLOOKUP(C12,'Master List'!A:C,3,FALSE) -> 50-135 | C12: 4 | D12: A | E12: =VLOOKUP(C12,'Master List'!A:G,5,FALSE) -> 150 | F12: =VLOOKUP(C12,'2022-002-bottles_csv'!E:L,8,FALSE) -> 0.09 | G12: 304 | H12: 10 | I12: 1 | J12: 2258.26 | K12: 1957.37 | L12: 305.14 | M12: 306.41 | N12: =J12-L12 -> 1953.12 | O12: =K12-M12 -> 1650.96 | P12: =0.0007677*(1.859/(1.859-1))*(N12-O12)*(H12/G12)*I12 -> 0.016513577 | Q12: =0.0007677*(1.859/(1.859-1))*((1.859*O12)-N12)*(H12/G12)*I12 -> 0.060992169 | R12: =N12/O12 -> 1.1830208 | T12: 120
A13: 44755 | B13: =VLOOKUP(C13,'Master List'!A:C,3,FALSE) -> 50-135 | C13: 4 | D13: B | E13: =VLOOKUP(C13,'Master List'!A:G,5,FALSE) -> 150 | F13: =VLOOKUP(C13,'2022-002-bottles_csv'!E:L,8,FALSE) -> 0.09 | G13: 304 | H13: 10 | I13: 1 | J13: 1863.47 | K13: 1614.78 | L13: 332.42 | M13: 348.04 | N13: =J13-L13 -> 1531.05 | O13: =K13-M13 -> 1266.74 | P13: =0.0007677*(1.859/(1.859-1))*(N13-O13)*(H13/G13)*I13 -> 0.014445008 | Q13: =0.0007677*(1.859/(1.859-1))*((1.859*O13)-N13)*(H13/G13)*I13 -> 0.045023197 | R13: =N13/O13 -> 1.2086537 | T13: 219
A14: 44750 | B14: =VLOOKUP(C14,'Master List'!A:C,3,FALSE) -> 50-135 | C14: 6 | D14: A | E14: =VLOOKUP(C14,'Master List'!A:G,5,FALSE) -> 100 | F14: =VLOOKUP(C14,'2022-002-bottles_csv'!E:L,8,FALSE) -> 0.18 | G14: 304 | H14: 10 | I14: 1 | J14: 18351.17 | K14: 12304.92 | L14: 305.14 | M14: 306.41 | N14: =J14-L14 -> 18046.03 | O14: =K14-M14 -> 11998.51 | P14: =0.0007677*(1.859/(1.859-1))*(N14-O14)*(H14/G14)*I14 -> 0.33050763 | Q14: =0.0007677*(1.859/(1.859-1))*((1.859*O14)-N14)*(H14/G14)*I14 -> 0.2327728 | R14: =N14/O14 -> 1.5040226 | T14: 116
A15: 44756 | B15: =VLOOKUP(C15,'Master List'!A:C,3,FALSE) -> 50-135 | C15: 6 | D15: B | E15: =VLOOKUP(C15,'Master List'!A:G,5,FALSE) -> 100 | F15: =VLOOKUP(C15,'2022-002-bottles_csv'!E:L,8,FALSE) -> 0.18 | G15: 304 | H15: 10 | I15: 1 | J15: 15982.29 | K15: 9595.12 | L15: 332.16 | M15: 344.15 | N15: =J15-L15 -> 15650.13 | O15: =K15-M15 -> 9250.97 | P15: =0.0007677*(1.859/(1.859-1))*(N15-O15)*(H15/G15)*I15 -> 0.34972538 | Q15: =0.0007677*(1.859/(1.859-1))*((1.859*O15)-N15)*(H15/G15)*I15 -> 0.084569409 | R15: =N15/O15 -> 1.6917285 | T15: 242
A16: NA | B16: =VLOOKUP(C16,'Master List'!A:C,3,FALSE) -> 50-135 | C16: 9 | D16: A | E16: =VLOOKUP(C16,'Master List'!A:G,5,FALSE) -> 75 | F16: =VLOOKUP(C16,'2022-002-bottles_csv'!E:L,8,FALSE) -> 0.19 | P16: -99 | Q16: -99 | S16: Sampling comment: 9A lost on board
A17: NA | B17: =VLOOKUP(C17,'Master List'!A:C,3,FALSE) -> 50-135 | C17: 9 | D17: B | E17: =VLOOKUP(C17,'Master List'!A:G,5,FALSE) -> 75 | F17: =VLOOKUP(C17,'2022-002-bottles_csv'!E:L,8,FALSE) -> 0.19 | P17: -99 | Q17: -99 | S17: Sampling comment: 9A lost on board
A18: 44750 | B18: =VLOOKUP(C18,'Master List'!A:C,3,FALSE) -> 50-135 | C18: 12 | D18: A | E18: =VLOOKUP(C18,'Master List'!A:G,5,FALSE) -> 50 | F18: =VLOOKUP(C18,'2022-002-bottles_csv'!E:L,8,FALSE) -> 0.21 | G18: 304 | H18: 10 | I18: 1 | J18: 19263.11 | K18: 11826.1 | L18: 305.14 | M18: 306.41 | N18: =J18-L18 -> 18957.97 | O18: =K18-M18 -> 11519.69 | P18: =0.0007677*(1.859/(1.859-1))*(N18-O18)*(H18/G18)*I18 -> 0.40651512 | Q18: =0.0007677*(1.859/(1.859-1))*((1.859*O18)-N18)*(H18/G18)*I18 -> 0.13428669 | R18: =N18/O18 -> 1.6457014 | T18: 118
A19: 44761 | B19: =VLOOKUP(C19,'Master List'!A:C,3,FALSE) -> 50-135 | C19: 12 | D19: B | E19: =VLOOKUP(C19,'Master List'!A:G,5,FALSE) -> 50 | F19: =VLOOKUP(C19,'2022-002-bottles_csv'!E:L,8,FALSE) -> 0.21 | G19: 304 | H19: 10 | I19: 1 | J19: 17451.83 | K19: 10783.43 | L19: 334.87 | M19: 333.82 | N19: =J19-L19 -> 17116.96 | O19: =K19-M19 -> 10449.61 | P19: =0.0007677*(1.859/(1.859-1))*(N19-O19)*(H19/G19)*I19 -> 0.36438244 | Q19: =0.0007677*(1.859/(1.859-1))*((1.859*O19)-N19)*(H19/G19)*I19 -> 0.12618354 | R19: =N19/O19 -> 1.6380477 | T19: 400
A20: NA | B20: =VLOOKUP(C20,'Master List'!A:C,3,FALSE) -> 50-135 | C20: 14 | D20: A | E20: =VLOOKUP(C20,'Master List'!A:G,5,FALSE) -> 25 | F20: =VLOOKUP(C20,'2022-002-bottles_csv'!E:L,8,FALSE) -> 0.19 | P20: -99 | Q20: -99 | S20: Sampling comment: 9A lost on board
A21: 44757 | B21: =VLOOKUP(C21,'Master List'!A:C,3,FALSE) -> 50-135 | C21: 14 | D21: B | E21: =VLOOKUP(C21,'Master List'!A:G,5,FALSE) -> 25 | F21: =VLOOKUP(C21,'2022-002-bottles_csv'!E:L,8,FALSE) -> 0.19 | G21: 304 | H21: 10 | I21: 1 | J21: 16927.5 | K21: 10409.81 | L21: 305.46 | M21: 318.69 | N21: =J21-L21 -> 16622.04 | O21: =K21-M21 -> 10091.12 | P21: =0.0007677*(1.859/(1.859-1))*(N21-O21)*(H21/G21)*I21 -> 0.3569263 | Q21: =0.0007677*(1.859/(1.859-1))*((1.859*O21)-N21)*(H21/G21)*I21 -> 0.11681006 | R21: =N21/O21 -> 1.6471948 | T21: 302
A22: 44750 | B22: =VLOOKUP(C22,'Master List'!A:C,3,FALSE) -> 50-135 | C22: 20 | D22: A | E22: =VLOOKUP(C22,'Master List'!A:G,5,FALSE) -> 5 | F22: =VLOOKUP(C22,'2022-002-bottles_csv'!E:L,8,FALSE) -> 0.13 | G22: 304 | H22: 10 | I22: 1 | J22: 18316.98 | K22: 11161.5 | L22: 305.14 | M22: 306.41 | N22: =J22-L22 -> 18011.84 | O22: =K22-M22 -> 10855.09 | P22: =0.0007677*(1.859/(1.859-1))*(N22-O22)*(H22/G22)*I22 -> 0.39112901 | Q22: =0.0007677*(1.859/(1.859-1))*((1.859*O22)-N22)*(H22/G22)*I22 -> 0.11847258 | R22: =N22/O22 -> 1.659299 | T22: 114
A23: 44756 | B23: =VLOOKUP(C23,'Master List'!A:C,3,FALSE) -> 50-135 | C23: 20 | D23: B | E23: =VLOOKUP(C23,'Master List'!A:G,5,FALSE) -> 5 | F23: =VLOOKUP(C23,'2022-002-bottles_csv'!E:L,8,FALSE) -> 0.13 | G23: 304 | H23: 10 | I23: 1 | J23: 16677.97 | K23: 10155.74 | L23: 332.16 | M23: 344.15 | N23: =J23-L23 -> 16345.81 | O23: =K23-M23 -> 9811.59 | P23: =0.0007677*(1.859/(1.859-1))*(N23-O23)*(H23/G23)*I23 -> 0.35710665 | Q23: =0.0007677*(1.859/(1.859-1))*((1.859*O23)-N23)*(H23/G23)*I23 -> 0.10350693 | R23: =N23/O23 -> 1.6659695 | T23: 260
A24: 44750 | B24: =VLOOKUP(C24,'Master List'!A:C,3,FALSE) -> 49-135 | C24: 24 | D24: A | E24: =VLOOKUP(C24,'Master List'!A:G,5,FALSE) -> 150 | F24: =VLOOKUP(C24,'2022-002-bottles_csv'!E:L,8,FALSE) -> 0.08 | G24: 304 | H24: 10 | I24: 1 | J24: 1969.8 | K24: 1631.32 | L24: 252.94 | M24: 262.98 | N24: =J24-L24 -> 1716.86 | O24: =K24-M24 -> 1368.34 | P24: =0.0007677*(1.859/(1.859-1))*(N24-O24)*(H24/G24)*I24 -> 0.019047233 | Q24: =0.0007677*(1.859/(1.859-1))*((1.859*O24)-N24)*(H24/G24)*I24 -> 0.045190672 | R24: =N24/O24 -> 1.2547028 | T24: 132
A25: 44755 | B25: =VLOOKUP(C25,'Master List'!A:C,3,FALSE) -> 49-135 | C25: 24 | D25: B | E25: =VLOOKUP(C25,'Master List'!A:G,5,FALSE) -> 150 | F25: =VLOOKUP(C25,'2022-002-bottles_csv'!E:L,8,FALSE) -> 0.08 | G25: 304 | H25: 10 | I25: 1 | J25: 2076.29 | K25: 1939.56 | L25: 311.39 | M25: 298.53 | N25: =J25-L25 -> 1764.9 | O25: =K25-M25 -> 1641.03 | P25: =0.0007677*(1.859/(1.859-1))*(N25-O25)*(H25/G25)*I25 -> 0.006769714 | Q25: =0.0007677*(1.859/(1.859-1))*((1.859*O25)-N25)*(H25/G25)*I25 -> 0.070269859 | R25: =N25/O25 -> 1.0754831 | T25: 211
A26: 44754 | B26: =VLOOKUP(C26,'Master List'!A:C,3,FALSE) -> 49-135 | C26: 28 | D26: A | E26: =VLOOKUP(C26,'Master List'!A:G,5,FALSE) -> 100 | F26: =VLOOKUP(C26,'2022-002-bottles_csv'!E:L,8,FALSE) -> 0.12 | G26: 304 | H26: 10 | I26: 1 | J26: 8293.73 | K26: 5622.19 | L26: 296.26 | M26: 308.87 | N26: =J26-L26 -> 7997.47 | O26: =K26-M26 -> 5313.32 | P26: =0.0007677*(1.859/(1.859-1))*(N26-O26)*(H26/G26)*I26 -> 0.14669353 | Q26: =0.0007677*(1.859/(1.859-1))*((1.859*O26)-N26)*(H26/G26)*I26 -> 0.10274487 | R26: =N26/O26 -> 1.5051738 | T26: 162
A27: 44757 | B27: =VLOOKUP(C27,'Master List'!A:C,3,FALSE) -> 49-135 | C27: 28 | D27: B | E27: =VLOOKUP(C27,'Master List'!A:G,5,FALSE) -> 100 | F27: =VLOOKUP(C27,'2022-002-bottles_csv'!E:L,8,FALSE) -> 0.12 | G27: 304 | H27: 10 | I27: 1 | J27: 8780.52 | K27: 6120.56 | L27: 305.46 | M27: 318.69 | N27: =J27-L27 -> 8475.06 | O27: =K27-M27 -> 5801.87 | P27: =0.0007677*(1.859/(1.859-1))*(N27-O27)*(H27/G27)*I27 -> 0.14609455 | Q27: =0.0007677*(1.859/(1.859-1))*((1.859*O27)-N27)*(H27/G27)*I27 -> 0.12627926 | R27: =N27/O27 -> 1.4607463 | T27: 290
A28: 44754 | B28: =VLOOKUP(C28,'Master List'!A:C,3,FALSE) -> 49-135 | C28: 29 | D28: A | E28: =VLOOKUP(C28,'Master List'!A:G,5,FALSE) -> 75 | F28: =VLOOKUP(C28,'2022-002-bottles_csv'!E:L,8,FALSE) -> 0.19 | G28: 304 | H28: 10 | I28: 1 | J28: 15051.43 | K28: 9386.09 | L28: 296.26 | M28: 308.87 | N28: =J28-L28 -> 14755.17 | O28: =K28-M28 -> 9077.22 | P28: =0.0007677*(1.859/(1.859-1))*(N28-O28)*(H28/G28)*I28 -> 0.31030998 | Q28: =0.0007677*(1.859/(1.859-1))*((1.859*O28)-N28)*(H28/G28)*I28 -> 0.11582796 | R28: =N28/O28 -> 1.6255164 | T28: 146
A29: 44756 | B29: =VLOOKUP(C29,'Master List'!A:C,3,FALSE) -> 49-135 | C29: 29 | D29: B | E29: =VLOOKUP(C29,'Master List'!A:G,5,FALSE) -> 75 | F29: =VLOOKUP(C29,'2022-002-bottles_csv'!E:L,8,FALSE) -> 0.19 | G29: 304 | H29: 10 | I29: 1 | J29: 15686.8 | K29: 9928.08 | L29: 332.16 | M29: 344.15 | N29: =J29-L29 -> 15354.64 | O29: =K29-M29 -> 9583.93 | P29: =0.0007677*(1.859/(1.859-1))*(N29-O29)*(H29/G29)*I29 -> 0.31537948 | Q29: =0.0007677*(1.859/(1.859-1))*((1.859*O29)-N29)*(H29/G29)*I29 -> 0.13454641 | R29: =N29/O29 -> 1.6021236 | T29: 245
A30: 44754 | B30: =VLOOKUP(C30,'Master List'!A:C,3,FALSE) -> 49-135 | C30: 32 | D30: A | E30: =VLOOKUP(C30,'Master List'!A:G,5,FALSE) -> 50 | F30: =VLOOKUP(C30,'2022-002-bottles_csv'!E:L,8,FALSE) -> 0.21 | G30: 304 | H30: 10 | I30: 1 | J30: 14592.01 | K30: 9282.06 | L30: 296.26 | M30: 308.87 | N30: =J30-L30 -> 14295.75 | O30: =K30-M30 -> 8973.19 | P30: =0.0007677*(1.859/(1.859-1))*(N30-O30)*(H30/G30)*I30 -> 0.29088729 | Q30: =0.0007677*(1.859/(1.859-1))*((1.859*O30)-N30)*(H30/G30)*I30 -> 0.13036688 | R30: =N30/O30 -> 1.5931625 | T30: 147
A31: 44755 | B31: =VLOOKUP(C31,'Master List'!A:C,3,FALSE) -> 49-135 | C31: 32 | D31: B | E31: =VLOOKUP(C31,'Master List'!A:G,5,FALSE) -> 50 | F31: =VLOOKUP(C31,'2022-002-bottles_csv'!E:L,8,FALSE) -> 0.21 | G31: 304 | H31: 10 | I31: 1 | J31: 16299.79 | K31: 10095.72 | L31: 332.42 | M31: 348.04 | N31: =J31-L31 -> 15967.37 | O31: =K31-M31 -> 9747.68 | P31: =0.0007677*(1.859/(1.859-1))*(N31-O31)*(H31/G31)*I31 -> 0.33991703 | Q31: =0.0007677*(1.859/(1.859-1))*((1.859*O31)-N31)*(H31/G31)*I31 -> 0.11769624 | R31: =N31/O31 -> 1.6380688 | T31: 231
A32: 44750 | B32: =VLOOKUP(C32,'Master List'!A:C,3,FALSE) -> 49-135 | C32: 34 | D32: A | E32: =VLOOKUP(C32,'Master List'!A:G,5,FALSE) -> 25 | F32: =VLOOKUP(C32,'2022-002-bottles_csv'!E:L,8,FALSE) -> 0.22 | G32: 304 | H32: 10 | I32: 1 | J32: 16154.82 | K32: 10322.61 | L32: 252.94 | M32: 262.98 | N32: =J32-L32 -> 15901.88 | O32: =K32-M32 -> 10059.63 | P32: =0.0007677*(1.859/(1.859-1))*(N32-O32)*(H32/G32)*I32 -> 0.31928927 | Q32: =0.0007677*(1.859/(1.859-1))*((1.859*O32)-N32)*(H32/G32)*I32 -> 0.15296877 | R32: =N32/O32 -> 1.5807619 | T32: 128
... A37: 44761 | B37: =VLOOKUP(C37,'Master List'!A:C,3,FALSE) -> 48-135 | C37: 44 | D37: B | E37: =VLOOKUP(C37,'Master List'!A:G,5,FALSE) -> 150 | F37: =VLOOKUP(C37,'2022-002-bottles_csv'!E:L,8,FALSE) -> 0.07 | G37: 304 | H37: 10 | I37: 1 | J37: 2428.55 | K37: 2289.22 | L37: 362.04 | M37: 363.93 | N37: =J37-L37 -> 2066.51 | O37: =K37-M37 -> 1925.29 | P37: =0.0007677*(1.859/(1.859-1))*(N37-O37)*(H37/G37)*I37 -> 0.0077179221 | Q37: =0.0007677*(1.859/(1.859-1))*((1.859*O37)-N37)*(H37/G37)*I37 -> 0.082666483 | R37: =N37/O37 -> 1.07335 | T37: 387
A38: 44754 | B38: =VLOOKUP(C38,'Master List'!A:C,3,FALSE) -> 48-135 | C38: 48 | D38: A | E38: =VLOOKUP(C38,'Master List'!A:G,5,FALSE) -> 100 | F38: =VLOOKUP(C38,'2022-002-bottles_csv'!E:L,8,FALSE) -> 0.17 | G38: 304 | H38: 10 | I38: 1 | J38: 16881.2 | K38: 10026.86 | L38: 296.26 | M38: 308.87 | N38: =J38-L38 -> 16584.94 | O38: =K38-M38 -> 9717.99 | P38: =0.0007677*(1.859/(1.859-1))*(N38-O38)*(H38/G38)*I38 -> 0.37529093 | Q38: =0.0007677*(1.859/(1.859-1))*((1.859*O38)-N38)*(H38/G38)*I38 -> 0.080928518 | R38: =N38/O38 -> 1.7066225 | S38: Analysis comment: Filter was essentially disintegrated after shaking to homogenize before reading! | T38: 152
A39: 44757 | B39: =VLOOKUP(C39,'Master List'!A:C,3,FALSE) -> 48-135 | C39: 48 | D39: B | E39: =VLOOKUP(C39,'Master List'!A:G,5,FALSE) -> 100 | F39: =VLOOKUP(C39,'2022-002-bottles_csv'!E:L,8,FALSE) -> 0.17 | G39: 304 | H39: 10 | I39: 1 | J39: 13794.43 | K39: 9701.01 | L39: 305.46 | M39: 318.69 | N39: =J39-L39 -> 13488.97 | O39: =K39-M39 -> 9382.32 | P39: =0.0007677*(1.859/(1.859-1))*(N39-O39)*(H39/G39)*I39 -> 0.22443567 | Q39: =0.0007677*(1.859/(1.859-1))*((1.859*O39)-N39)*(H39/G39)*I39 -> 0.21602546 | R39: =N39/O39 -> 1.4377009 | T39: 312
A40: 44750 | B40: =VLOOKUP(C40,'Master List'!A:C,3,FALSE) -> 48-135 | C40: 49 | D40: A | E40: =VLOOKUP(C40,'Master List'!A:G,5,FALSE) -> 75 | F40: =VLOOKUP(C40,'2022-002-bottles_csv'!E:L,8,FALSE) -> 0.21 | G40: 304 | H40: 10 | I40: 1 | J40: 20035.18 | K40: 12819.74 | L40: 252.94 | M40: 262.98 | N40: =J40-L40 -> 19782.24 | O40: =K40-M40 -> 12556.76 | P40: =0.0007677*(1.859/(1.859-1))*(N40-O40)*(H40/G40)*I40 -> 0.39488523 | Q40: =0.0007677*(1.859/(1.859-1))*((1.859*O40)-N40)*(H40/G40)*I40 -> 0.19460273 | R40: =N40/O40 -> 1.5754255 | T40: 122
A41: 44761 | B41: =VLOOKUP(C41,'Master List'!A:C,3,FALSE) -> 48-135 | C41: 49 | D41: B | E41: =VLOOKUP(C41,'Master List'!A:G,5,FALSE) -> 75 | F41: =VLOOKUP(C41,'2022-002-bottles_csv'!E:L,8,FALSE) -> 0.21 | G41: 304 | H41: 10 | I41: 1 | J41: 19082.32 | K41: 12177.53 | L41: 334.87 | M41: 333.82 | N41: =J41-L41 -> 18747.45 | O41: =K41-M41 -> 11843.71 | P41: =0.0007677*(1.859/(1.859-1))*(N41-O41)*(H41/G41)*I41 -> 0.37730157 | Q41: =0.0007677*(1.859/(1.859-1))*((1.859*O41)-N41)*(H41/G41)*I41 -> 0.17871164 | R41: =N41/O41 -> 1.5829035 | T41: 404
A42: 44754 | B42: =VLOOKUP(C42,'Master List'!A:C,3,FALSE) -> 48-135 | C42: 52 | D42: A | E42: =VLOOKUP(C42,'Master List'!A:G,5,FALSE) -> 50 | F42: =VLOOKUP(C42,'2022-002-bottles_csv'!E:L,8,FALSE) -> 0.22 | G42: 304 | H42: 10 | I42: 1 | J42: 17960.83 | K42: 11278.92 | L42: 296.26 | M42: 308.87 | N42: =J42-L42 -> 17664.57 | O42: =K42-M42 -> 10970.05 | P42: =0.0007677*(1.859/(1.859-1))*(N42-O42)*(H42/G42)*I42 -> 0.36586733 | Q42: =0.0007677*(1.859/(1.859-1))*((1.859*O42)-N42)*(H42/G42)*I42 -> 0.14913116 | R42: =N42/O42 -> 1.6102543 | T42: 158
A43: 44755 | B43: =VLOOKUP(C43,'Master List'!A:C,3,FALSE) -> 48-135 | C43: 52 | D43: B | E43: =VLOOKUP(C43,'Master List'!A:G,5,FALSE) -> 50 | F43: =VLOOKUP(C43,'2022-002-bottles_csv'!E:L,8,FALSE) -> 0.22 | G43: 304 | H43: 10 | I43: 1 | J43: 18923.91 | K43: 11988.73 | L43: 332.42 | M43: 348.04 | N43: =J43-L43 -> 18591.49 | O43: =K43-M43 -> 11640.69 | P43: =0.0007677*(1.859/(1.859-1))*(N43-O43)*(H43/G43)*I43 -> 0.37987348 | Q43: =0.0007677*(1.859/(1.859-1))*((1.859*O43)-N43)*(H43/G43)*I43 -> 0.16660878 | R43: =N43/O43 -> 1.5971124 | T43: 233
A44: 44754 | B44: =VLOOKUP(C44,'Master List'!A:C,3,FALSE) -> 48-135 | C44: 54 | D44: A | E44: =VLOOKUP(C44,'Master List'!A:G,5,FALSE) -> 25 | F44: =VLOOKUP(C44,'2022-002-bottles_csv'!E:L,8,FALSE) -> 0.23 | G44: 304 | H44: 10 | I44: 1 | J44: 19355.87 | K44: 12677.47 | L44: 296.26 | M44: 308.87 | N44: =J44-L44 -> 19059.61 | O44: =K44-M44 -> 12368.6 | P44: =0.0007677*(1.859/(1.859-1))*(N44-O44)*(H44/G44)*I44 -> 0.3656755 | Q44: =0.0007677*(1.859/(1.859-1))*((1.859*O44)-N44)*(H44/G44)*I44 -> 0.21497913 | R44: =N44/O44 -> 1.5409674 | T44: 155
A45: 44755 | B45: =VLOOKUP(C45,'Master List'!A:C,3,FALSE) -> 48-135 | C45: 54 | D45: B | E45: =VLOOKUP(C45,'Master List'!A:G,5,FALSE) -> 25 | F45: =VLOOKUP(C45,'2022-002-bottles_csv'!E:L,8,FALSE) -> 0.23 | G45: 304 | H45: 10 | I45: 1 | J45: 18876.88 | K45: 11952.8 | L45: 332.42 | M45: 348.04 | N45: =J45-L45 -> 18544.46 | O45: =K45-M45 -> 11604.76 | P45: =0.0007677*(1.859/(1.859-1))*(N45-O45)*(H45/G45)*I45 -> 0.37926685 | Q45: =0.0007677*(1.859/(1.859-1))*((1.859*O45)-N45)*(H45/G45)*I45 -> 0.16552865 | R45: =N45/O45 -> 1.5980046 | T45: 218
A46: 44754 | B46: =VLOOKUP(C46,'Master List'!A:C,3,FALSE) -> 48-135 | C46: 60 | D46: A | E46: =VLOOKUP(C46,'Master List'!A:G,5,FALSE) -> 5 | F46: =VLOOKUP(C46,'2022-002-bottles_csv'!E:L,8,FALSE) -> 0.24 | G46: 304 | H46: 10 | I46: 1 | J46: 18547.53 | K46: 11518.48 | L46: 296.26 | M46: 308.87 | N46: =J46-L46 -> 18251.27 | O46: =K46-M46 -> 11209.61 | P46: =0.0007677*(1.859/(1.859-1))*(N46-O46)*(H46/G46)*I46 -> 0.38483914 | Q46: =0.0007677*(1.859/(1.859-1))*((1.859*O46)-N46)*(H46/G46)*I46 -> 0.1414057 | R46: =N46/O46 -> 1.6281806 | T46: 153
A47: 44757 | B47: =VLOOKUP(C47,'Master List'!A:C,3,FALSE) -> 48-135 | C47: 60 | D47: B | E47: =VLOOKUP(C47,'Master List'!A:G,5,FALSE) -> 5 | F47: =VLOOKUP(C47,'2022-002-bottles_csv'!E:L,8,FALSE) -> 0.24 | G47: 304 | H47: 10 | I47: 1 | J47: 17848.32 | K47: 11290.64 | L47: 351.09 | M47: 351.83 | N47: =J47-L47 -> 17497.23 | O47: =K47-M47 -> 10938.81 | P47: =0.0007677*(1.859/(1.859-1))*(N47-O47)*(H47/G47)*I47 -> 0.35842922 | Q47: =0.0007677*(1.859/(1.859-1))*((1.859*O47)-N47)*(H47/G47)*I47 -> 0.15510268 | R47: =N47/O47 -> 1.5995552 | T47: 274
A48: 44750 | B48: =VLOOKUP(C48,'Master List'!A:C,3,FALSE) -> 47-135 | C48: 64 | D48: A | E48: =VLOOKUP(C48,'Master List'!A:G,5,FALSE) -> 150 | F48: =VLOOKUP(C48,'2022-002-bottles_csv'!E:L,8,FALSE) -> 0.07 | G48: 304 | H48: 10 | I48: 1 | J48: 2147.68 | K48: 1813.54 | L48: 252.94 | M48: 262.98 | N48: =J48-L48 -> 1894.74 | O48: =K48-M48 -> 1550.56 | P48: =0.0007677*(1.859/(1.859-1))*(N48-O48)*(H48/G48)*I48 -> 0.018810044 | Q48: =0.0007677*(1.859/(1.859-1))*((1.859*O48)-N48)*(H48/G48)*I48 -> 0.053982337 | R48: =N48/O48 -> 1.2219714 | T48: 136
A49: 44755 | B49: =VLOOKUP(C49,'Master List'!A:C,3,FALSE) -> 47-135 | C49: 64 | D49: B | E49: =VLOOKUP(C49,'Master List'!A:G,5,FALSE) -> 150 | F49: =VLOOKUP(C49,'2022-002-bottles_csv'!E:L,8,FALSE) -> 0.07 | G49: 304 | H49: 10 | I49: 1 | J49: 2099.07 | K49: 1834.67 | L49: 311.39 | M49: 298.53 | N49: =J49-L49 -> 1787.68 | O49: =K49-M49 -> 1536.14 | P49: =0.0007677*(1.859/(1.859-1))*(N49-O49)*(H49/G49)*I49 -> 0.013747105 | Q49: =0.0007677*(1.859/(1.859-1))*((1.859*O49)-N49)*(H49/G49)*I49 -> 0.058368317 | R49: =N49/O49 -> 1.1637481 | T49: 210
A50: 44754 | B50: =VLOOKUP(C50,'Master List'!A:C,3,FALSE) -> 47-135 | C50: 68 | D50: A | E50: =VLOOKUP(C50,'Master List'!A:G,5,FALSE) -> 100 | F50: =VLOOKUP(C50,'2022-002-bottles_csv'!E:L,8,FALSE) -> 0.13 | G50: 304 | H50: 10 | I50: 1 | J50: 10600.78 | K50: 7107.18 | L50: 296.26 | M50: 308.87 | N50: =J50-L50 -> 10304.52 | O50: =K50-M50 -> 6798.31 | P50: =0.0007677*(1.859/(1.859-1))*(N50-O50)*(H50/G50)*I50 -> 0.19162056 | Q50: =0.0007677*(1.859/(1.859-1))*((1.859*O50)-N50)*(H50/G50)*I50 -> 0.12753198 | R50: =N50/O50 -> 1.5157473 | T50: 149
... A120: 44748 | B120: =VLOOKUP(C120,'Master List'!A:C,3,FALSE) -> 49-141 | C120: 184 | D120: A | E120: =VLOOKUP(C120,'Master List'!A:G,5,FALSE) -> 150 | F120: =VLOOKUP(C120,'2022-002-bottles_csv'!E:L,8,FALSE) -> 0.06 | G120: 304 | H120: 10 | I120: 1 | J120: 2627.58 | K120: 1947.21 | L120: 427.13 | M120: 458.5 | N120: =J120-L120 -> 2200.45 | O120: =K120-M120 -> 1488.71 | P120: =0.0007677*(1.859/(1.859-1))*(N120-O120)*(H120/G120)*I120 -> 0.038897846 | Q120: =0.0007677*(1.859/(1.859-1))*((1.859*O120)-N120)*(H120/G120)*I120 -> 0.030990932 | R120: =N120/O120 -> 1.4780918 | T120: 26
A121: 44757 | B121: =VLOOKUP(C121,'Master List'!A:C,3,FALSE) -> 49-141 | C121: 184 | D121: B | E121: =VLOOKUP(C121,'Master List'!A:G,5,FALSE) -> 150 | F121: =VLOOKUP(C121,'2022-002-bottles_csv'!E:L,8,FALSE) -> 0.06 | G121: 304 | H121: 10 | I121: 1 | J121: 2114.32 | K121: 1850.11 | L121: 351.09 | M121: 351.83 | N121: =J121-L121 -> 1763.23 | O121: =K121-M121 -> 1498.28 | P121: =0.0007677*(1.859/(1.859-1))*(N121-O121)*(H121/G121)*I121 -> 0.014479985 | Q121: =0.0007677*(1.859/(1.859-1))*((1.859*O121)-N121)*(H121/G121)*I121 -> 0.055858066 | R121: =N121/O121 -> 1.1768361 | S121: Analysis comment: 2 filters | T121: 267
A122: 44748 | B122: =VLOOKUP(C122,'Master List'!A:C,3,FALSE) -> 49-141 | C122: 188 | D122: A | E122: =VLOOKUP(C122,'Master List'!A:G,5,FALSE) -> 100 | F122: =VLOOKUP(C122,'2022-002-bottles_csv'!E:L,8,FALSE) -> 0.08 | G122: 304 | H122: 10 | I122: 1 | J122: 7211.77 | K122: 5167.58 | L122: 427.13 | M122: 458.5 | N122: =J122-L122 -> 6784.64 | O122: =K122-M122 -> 4709.08 | P122: =0.0007677*(1.859/(1.859-1))*(N122-O122)*(H122/G122)*I122 -> 0.11343301 | Q122: =0.0007677*(1.859/(1.859-1))*((1.859*O122)-N122)*(H122/G122)*I122 -> 0.10763882 | R122: =N122/O122 -> 1.440757 | T122: 25
A123: 44761 | B123: =VLOOKUP(C123,'Master List'!A:C,3,FALSE) -> 49-141 | C123: 188 | D123: B | E123: =VLOOKUP(C123,'Master List'!A:G,5,FALSE) -> 100 | F123: =VLOOKUP(C123,'2022-002-bottles_csv'!E:L,8,FALSE) -> 0.08 | G123: 304 | H123: 10 | I123: 1 | J123: 6375.46 | K123: 4549.97 | L123: 345.92 | M123: 349.76 | N123: =J123-L123 -> 6029.54 | O123: =K123-M123 -> 4200.21 | P123: =0.0007677*(1.859/(1.859-1))*(N123-O123)*(H123/G123)*I123 -> 0.099976111 | Q123: =0.0007677*(1.859/(1.859-1))*((1.859*O123)-N123)*(H123/G123)*I123 -> 0.097206381 | R123: =N123/O123 -> 1.435533 | T123: 345
A124: 44748 | B124: =VLOOKUP(C124,'Master List'!A:C,3,FALSE) -> 49-141 | C124: 189 | D124: A | E124: =VLOOKUP(C124,'Master List'!A:G,5,FALSE) -> 75 | F124: =VLOOKUP(C124,'2022-002-bottles_csv'!E:L,8,FALSE) -> 0.18 | G124: 304 | H124: 10 | I124: 1 | J124: 19256.92 | K124: 11982.55 | L124: 307.91 | M124: 311.38 | N124: =J124-L124 -> 18949.01 | O124: =K124-M124 -> 11671.17 | P124: =0.0007677*(1.859/(1.859-1))*(N124-O124)*(H124/G124)*I124 -> 0.39774679 | Q124: =0.0007677*(1.859/(1.859-1))*((1.859*O124)-N124)*(H124/G124)*I124 -> 0.15016638 | R124: =N124/O124 -> 1.6235742 | T124: 21
A125: 44748 | B125: =VLOOKUP(C125,'Master List'!A:C,3,FALSE) -> 49-141 | C125: 189 | D125: B | E125: =VLOOKUP(C125,'Master List'!A:G,5,FALSE) -> 75 | F125: =VLOOKUP(C125,'2022-002-bottles_csv'!E:L,8,FALSE) -> 0.18 | G125: 304 | H125: 10 | I125: 1 | J125: 19365.97 | K125: 12327.78 | L125: 427.13 | M125: 458.5 | N125: =J125-L125 -> 18938.84 | O125: =K125-M125 -> 11869.28 | P125: =0.0007677*(1.859/(1.859-1))*(N125-O125)*(H125/G125)*I125 -> 0.38636392 | Q125: =0.0007677*(1.859/(1.859-1))*((1.859*O125)-N125)*(H125/G125)*I125 -> 0.17084969 | R125: =N125/O125 -> 1.5956183 | T125: 27
A126: 44748 | B126: =VLOOKUP(C126,'Master List'!A:C,3,FALSE) -> 49-141 | C126: 192 | D126: A | E126: =VLOOKUP(C126,'Master List'!A:G,5,FALSE) -> 50 | F126: =VLOOKUP(C126,'2022-002-bottles_csv'!E:L,8,FALSE) -> 0.22 | G126: 304 | H126: 10 | I126: 1 | J126: 24483.98 | K126: 18273.63 | L126: 307.91 | M126: 311.38 | N126: =J126-L126 -> 24176.07 | O126: =K126-M126 -> 17962.25 | P126: =0.0007677*(1.859/(1.859-1))*(N126-O126)*(H126/G126)*I126 -> 0.33959622 | Q126: =0.0007677*(1.859/(1.859-1))*((1.859*O126)-N126)*(H126/G126)*I126 -> 0.50365714 | R126: =N126/O126 -> 1.3459377 | T126: 15
A127: 44756 | B127: =VLOOKUP(C127,'Master List'!A:C,3,FALSE) -> 49-141 | C127: 192 | D127: B | E127: =VLOOKUP(C127,'Master List'!A:G,5,FALSE) -> 50 | F127: =VLOOKUP(C127,'2022-002-bottles_csv'!E:L,8,FALSE) -> 0.22 | G127: 304 | H127: 10 | I127: 1 | J127: 23094.39 | K127: 14545.83 | L127: 332.16 | M127: 344.15 | N127: =J127-L127 -> 22762.23 | O127: =K127-M127 -> 14201.68 | P127: =0.0007677*(1.859/(1.859-1))*(N127-O127)*(H127/G127)*I127 -> 0.46784916 | Q127: =0.0007677*(1.859/(1.859-1))*((1.859*O127)-N127)*(H127/G127)*I127 -> 0.198861 | R127: =N127/O127 -> 1.6027843 | T127: 261
A128: 44748 | B128: =VLOOKUP(C128,'Master List'!A:C,3,FALSE) -> 49-141 | C128: 194 | D128: A | E128: =VLOOKUP(C128,'Master List'!A:G,5,FALSE) -> 25 | F128: =VLOOKUP(C128,'2022-002-bottles_csv'!E:L,8,FALSE) -> 0.32 | G128: 304 | H128: 10 | I128: 1 | J128: 24596.16 | K128: 15208.03 | L128: 307.91 | M128: 311.38 | N128: =J128-L128 -> 24288.25 | O128: =K128-M128 -> 14896.65 | P128: =0.0007677*(1.859/(1.859-1))*(N128-O128)*(H128/G128)*I128 -> 0.51326751 | Q128: =0.0007677*(1.859/(1.859-1))*((1.859*O128)-N128)*(H128/G128)*I128 -> 0.18606862 | R128: =N128/O128 -> 1.6304505 | T128: 24
A129: 44757 | B129: =VLOOKUP(C129,'Master List'!A:C,3,FALSE) -> 49-141 | C129: 194 | D129: B | E129: =VLOOKUP(C129,'Master List'!A:G,5,FALSE) -> 25 | F129: =VLOOKUP(C129,'2022-002-bottles_csv'!E:L,8,FALSE) -> 0.32 | G129: 304 | H129: 10 | I129: 1 | J129: 26541.39 | K129: 16575.02 | L129: 338.28 | M129: 338.2 | N129: =J129-L129 -> 26203.11 | O129: =K129-M129 -> 16236.82 | P129: =0.0007677*(1.859/(1.859-1))*(N129-O129)*(H129/G129)*I129 -> 0.54467533 | Q129: =0.0007677*(1.859/(1.859-1))*((1.859*O129)-N129)*(H129/G129)*I129 -> 0.21757623 | R129: =N129/O129 -> 1.613808 | T129: 321
A130: 44748 | B130: =VLOOKUP(C130,'Master List'!A:C,3,FALSE) -> 49-141 | C130: 200 | D130: A | E130: =VLOOKUP(C130,'Master List'!A:G,5,FALSE) -> 5 | F130: =VLOOKUP(C130,'2022-002-bottles_csv'!E:L,8,FALSE) -> 0.32 | G130: 304 | H130: 10 | I130: 1 | J130: 26401.52 | K130: 16370.23 | L130: 307.91 | M130: 311.38 | N130: =J130-L130 -> 26093.61 | O130: =K130-M130 -> 16058.85 | P130: =0.0007677*(1.859/(1.859-1))*(N130-O130)*(H130/G130)*I130 -> 0.54841733 | Q130: =0.0007677*(1.859/(1.859-1))*((1.859*O130)-N130)*(H130/G130)*I130 -> 0.20547927 | R130: =N130/O130 -> 1.6248741 | T130: 3
A131: 44757 | B131: =VLOOKUP(C131,'Master List'!A:C,3,FALSE) -> 49-141 | C131: 200 | D131: B | E131: =VLOOKUP(C131,'Master List'!A:G,5,FALSE) -> 5 | F131: =VLOOKUP(C131,'2022-002-bottles_csv'!E:L,8,FALSE) -> 0.32 | G131: 304 | H131: 10 | I131: 1 | J131: 21160.99 | K131: 13022.19 | L131: 305.46 | M131: 318.69 | N131: =J131-L131 -> 20855.53 | O131: =K131-M131 -> 12703.5 | P131: =0.0007677*(1.859/(1.859-1))*(N131-O131)*(H131/G131)*I131 -> 0.44552282 | Q131: =0.0007677*(1.859/(1.859-1))*((1.859*O131)-N131)*(H131/G131)*I131 -> 0.15085398 | R131: =N131/O131 -> 1.6417153 | T131: 307
A132: 44748 | B132: =VLOOKUP(C132,'Master List'!A:C,3,FALSE) -> 48-141 | C132: 204 | D132: A | E132: =VLOOKUP(C132,'Master List'!A:G,5,FALSE) -> 150 | F132: =VLOOKUP(C132,'2022-002-bottles_csv'!E:L,8,FALSE) -> 0.06 | G132: 304 | H132: 10 | I132: 1 | J132: 2438.6 | L132: 307.91 | M132: 311.38 | N132: =J132-L132 -> 2130.69 | O132: =K132-M132 -> -311.38 | P132: -99 | Q132: -99 | S132: Analysis comment: no after acid measurement | T132: 8
A133: 44757 | B133: =VLOOKUP(C133,'Master List'!A:C,3,FALSE) -> 48-141 | C133: 204 | D133: B | E133: =VLOOKUP(C133,'Master List'!A:G,5,FALSE) -> 150 | F133: =VLOOKUP(C133,'2022-002-bottles_csv'!E:L,8,FALSE) -> 0.06 | G133: 304 | H133: 10 | I133: 1 | J133: 2202.21 | K133: 1898.7 | L133: 351.09 | M133: 351.83 | N133: =J133-L133 -> 1851.12 | O133: =K133-M133 -> 1546.87 | P133: =0.0007677*(1.859/(1.859-1))*(N133-O133)*(H133/G133)*I133 -> 0.016627799 | Q133: =0.0007677*(1.859/(1.859-1))*((1.859*O133)-N133)*(H133/G133)*I133 -> 0.055991351 | R133: =N133/O133 -> 1.1966875 | T133: 285
A134: 44748 | B134: =VLOOKUP(C134,'Master List'!A:C,3,FALSE) -> 48-141 | C134: 208 | D134: A | E134: =VLOOKUP(C134,'Master List'!A:G,5,FALSE) -> 100 | F134: =VLOOKUP(C134,'2022-002-bottles_csv'!E:L,8,FALSE) -> 0.11 | G134: 304 | H134: 10 | I134: 1 | J134: 9905.85 | K134: 6763.54 | L134: 427.13 | M134: 458.5 | N134: =J134-L134 -> 9478.72 | O134: =K134-M134 -> 6305.04 | P134: =0.0007677*(1.859/(1.859-1))*(N134-O134)*(H134/G134)*I134 -> 0.17344721 | Q134: =0.0007677*(1.859/(1.859-1))*((1.859*O134)-N134)*(H134/G134)*I134 -> 0.12254835 | R134: =N134/O134 -> 1.503356 | T134: 28
A135: 44756 | B135: =VLOOKUP(C135,'Master List'!A:C,3,FALSE) -> 48-141 | C135: 208 | D135: B | E135: =VLOOKUP(C135,'Master List'!A:G,5,FALSE) -> 100 | F135: =VLOOKUP(C135,'2022-002-bottles_csv'!E:L,8,FALSE) -> 0.11 | G135: 304 | H135: 10 | I135: 1 | J135: 10528.37 | K135: 7788.66 | L135: 332.16 | M135: 344.15 | N135: =J135-L135 -> 10196.21 | O135: =K135-M135 -> 7444.51 | P135: =0.0007677*(1.859/(1.859-1))*(N135-O135)*(H135/G135)*I135 -> 0.15038526 | Q135: =0.0007677*(1.859/(1.859-1))*((1.859*O135)-N135)*(H135/G135)*I135 -> 0.1991037 | R135: =N135/O135 -> 1.3696281 | T135: 248
A136: 44748 | B136: =VLOOKUP(C136,'Master List'!A:C,3,FALSE) -> 48-141 | C136: 209 | D136: A | E136: =VLOOKUP(C136,'Master List'!A:G,5,FALSE) -> 75 | F136: =VLOOKUP(C136,'2022-002-bottles_csv'!E:L,8,FALSE) -> 0.16 | G136: 304 | H136: 10 | I136: 1 | J136: 17255.3 | K136: 11255.72 | L136: 307.91 | M136: 311.38 | N136: =J136-L136 -> 16947.39 | O136: =K136-M136 -> 10944.34 | P136: =0.0007677*(1.859/(1.859-1))*(N136-O136)*(H136/G136)*I136 -> 0.32807727 | Q136: =0.0007677*(1.859/(1.859-1))*((1.859*O136)-N136)*(H136/G136)*I136 -> 0.18571424 | R136: =N136/O136 -> 1.5485073 | T136: 12
A137: 44757 | B137: =VLOOKUP(C137,'Master List'!A:C,3,FALSE) -> 48-141 | C137: 209 | D137: B | E137: =VLOOKUP(C137,'Master List'!A:G,5,FALSE) -> 75 | F137: =VLOOKUP(C137,'2022-002-bottles_csv'!E:L,8,FALSE) -> 0.16 | G137: 304 | H137: 10 | I137: 1 | J137: 16810.16 | K137: 11001.37 | L137: 338.28 | M137: 338.2 | N137: =J137-L137 -> 16471.88 | O137: =K137-M137 -> 10663.17 | P137: =0.0007677*(1.859/(1.859-1))*(N137-O137)*(H137/G137)*I137 -> 0.31745625 | Q137: =0.0007677*(1.859/(1.859-1))*((1.859*O137)-N137)*(H137/G137)*I137 -> 0.18313549 | R137: =N137/O137 -> 1.5447451 | T137: 323
A138: 44748 | B138: =VLOOKUP(C138,'Master List'!A:C,3,FALSE) -> 48-141 | C138: 212 | D138: A | E138: =VLOOKUP(C138,'Master List'!A:G,5,FALSE) -> 50 | F138: =VLOOKUP(C138,'2022-002-bottles_csv'!E:L,8,FALSE) -> 0.23 | G138: 304 | H138: 10 | I138: 1 | J138: 25770.91 | K138: 15069.9 | L138: 307.91 | M138: 311.38 | N138: =J138-L138 -> 25463 | O138: =K138-M138 -> 14758.52 | P138: =0.0007677*(1.859/(1.859-1))*(N138-O138)*(H138/G138)*I138 -> 0.58501871 | Q138: =0.0007677*(1.859/(1.859-1))*((1.859*O138)-N138)*(H138/G138)*I138 -> 0.10783278 | R138: =N138/O138 -> 1.7253085 | T138: 4
A139: 44757 | B139: =VLOOKUP(C139,'Master List'!A:C,3,FALSE) -> 48-141 | C139: 212 | D139: B | E139: =VLOOKUP(C139,'Master List'!A:G,5,FALSE) -> 50 | F139: =VLOOKUP(C139,'2022-002-bottles_csv'!E:L,8,FALSE) -> 0.23 | G139: 304 | H139: 10 | I139: 1 | J139: 23755.17 | K139: 15131.53 | L139: 338.28 | M139: 338.2 | N139: =J139-L139 -> 23416.89 | O139: =K139-M139 -> 14793.33 | P139: =0.0007677*(1.859/(1.859-1))*(N139-O139)*(H139/G139)*I139 -> 0.47129276 | Q139: =0.0007677*(1.859/(1.859-1))*((1.859*O139)-N139)*(H139/G139)*I139 -> 0.22319291 | R139: =N139/O139 -> 1.5829357 | T139: 325
A140: 44748 | B140: =VLOOKUP(C140,'Master List'!A:C,3,FALSE) -> 48-141 | C140: 214 | D140: A | E140: =VLOOKUP(C140,'Master List'!A:G,5,FALSE) -> 25 | F140: =VLOOKUP(C140,'2022-002-bottles_csv'!E:L,8,FALSE) -> 0.31 | G140: 304 | H140: 10 | I140: 1 | J140: 30066.57 | K140: 18948.64 | L140: 307.91 | M140: 311.38 | N140: =J140-L140 -> 29758.66 | O140: =K140-M140 -> 18637.26 | P140: =0.0007677*(1.859/(1.859-1))*(N140-O140)*(H140/G140)*I140 -> 0.60780413 | Q140: =0.0007677*(1.859/(1.859-1))*((1.859*O140)-N140)*(H140/G140)*I140 -> 0.26713817 | R140: =N140/O140 -> 1.5967293 | T140: 13
A141: 44761 | B141: =VLOOKUP(C141,'Master List'!A:C,3,FALSE) -> 48-141 | C141: 214 | D141: B | E141: =VLOOKUP(C141,'Master List'!A:G,5,FALSE) -> 25 | F141: =VLOOKUP(C141,'2022-002-bottles_csv'!E:L,8,FALSE) -> 0.31 | G141: 304 | H141: 10 | I141: 1 | J141: 28844.71 | K141: 18404.88 | L141: 345.92 | M141: 349.76 | N141: =J141-L141 -> 28498.79 | O141: =K141-M141 -> 18055.12 | P141: =0.0007677*(1.859/(1.859-1))*(N141-O141)*(H141/G141)*I141 -> 0.57076499 | Q141: =0.0007677*(1.859/(1.859-1))*((1.859*O141)-N141)*(H141/G141)*I141 -> 0.27684824 | R141: =N141/O141 -> 1.5784326 | T141: 350
A142: 44748 | B142: =VLOOKUP(C142,'Master List'!A:C,3,FALSE) -> 48-141 | C142: 220 | D142: A | E142: =VLOOKUP(C142,'Master List'!A:G,5,FALSE) -> 5 | F142: =VLOOKUP(C142,'2022-002-bottles_csv'!E:L,8,FALSE) -> 0.29 | G142: 304 | H142: 10 | I142: 1 | J142: 22630.65 | K142: 14380.81 | L142: 427.13 | M142: 458.5 | N142: =J142-L142 -> 22203.52 | O142: =K142-M142 -> 13922.31 | P142: =0.0007677*(1.859/(1.859-1))*(N142-O142)*(H142/G142)*I142 -> 0.45258273 | Q142: =0.0007677*(1.859/(1.859-1))*((1.859*O142)-N142)*(H142/G142)*I142 -> 0.20101215 | R142: =N142/O142 -> 1.5948158 | T142: 34
A143: 44757 | B143: =VLOOKUP(C143,'Master List'!A:C,3,FALSE) -> 48-141 | C143: 220 | D143: B | E143: =VLOOKUP(C143,'Master List'!A:G,5,FALSE) -> 5 | F143: =VLOOKUP(C143,'2022-002-bottles_csv'!E:L,8,FALSE) -> 0.29 | G143: 304 | H143: 10 | I143: 1 | J143: 23809.55 | K143: 14903.95 | L143: 338.28 | M143: 338.2 | N143: =J143-L143 -> 23471.27 | O143: =K143-M143 -> 14565.75 | P143: =0.0007677*(1.859/(1.859-1))*(N143-O143)*(H143/G143)*I143 -> 0.48670238 | Q143: =0.0007677*(1.859/(1.859-1))*((1.859*O143)-N143)*(H143/G143)*I143 -> 0.19709936 | R143: =N143/O143 -> 1.6114014 | T143: 327
A144: 44748 | B144: =VLOOKUP(C144,'Master List'!A:C,3,FALSE) -> 46-144 | C144: 224 | D144: A | E144: =VLOOKUP(C144,'Master List'!A:G,5,FALSE) -> 150 | F144: =VLOOKUP(C144,'2022-002-bottles_csv'!E:L,8,FALSE) -> 0.06 | G144: 304 | H144: 10 | I144: 1 | J144: 2441.88 | K144: 2104.07 | L144: 427.13 | M144: 458.5 | N144: =J144-L144 -> 2014.75 | O144: =K144-M144 -> 1645.57 | P144: =0.0007677*(1.859/(1.859-1))*(N144-O144)*(H144/G144)*I144 -> 0.020176338 | Q144: =0.0007677*(1.859/(1.859-1))*((1.859*O144)-N144)*(H144/G144)*I144 -> 0.057076369 | R144: =N144/O144 -> 1.2243478 | T144: 32
... A171: 44761 | B171: =VLOOKUP(C171,'Master List'!A:C,3,FALSE) -> 48-144 | C171: 272 | D171: B | E171: =VLOOKUP(C171,'Master List'!A:G,5,FALSE) -> 100 | F171: =VLOOKUP(C171,'2022-002-bottles_csv'!E:L,8,FALSE) -> 0.07 | G171: 304 | H171: 10 | I171: 1 | J171: 5290.87 | K171: 4046.82 | L171: 362.04 | M171: 363.93 | N171: =J171-L171 -> 4928.83 | O171: =K171-M171 -> 3682.89 | P171: =0.0007677*(1.859/(1.859-1))*(N171-O171)*(H171/G171)*I171 -> 0.068092819 | Q171: =0.0007677*(1.859/(1.859-1))*((1.859*O171)-N171)*(H171/G171)*I171 -> 0.10480364 | R171: =N171/O171 -> 1.338305 | T171: 373
A172: 44748 | B172: =VLOOKUP(C172,'Master List'!A:C,3,FALSE) -> 48-144 | C172: 273 | D172: A | E172: =VLOOKUP(C172,'Master List'!A:G,5,FALSE) -> 75 | F172: =VLOOKUP(C172,'2022-002-bottles_csv'!E:L,8,FALSE) -> 0.2 | G172: 304 | H172: 10 | I172: 1 | J172: 2157.79 | K172: 2073.3 | L172: 307.91 | M172: 311.38 | N172: =J172-L172 -> 1849.88 | O172: =K172-M172 -> 1761.92 | P172: =0.0007677*(1.859/(1.859-1))*(N172-O172)*(H172/G172)*I172 -> 0.0048071691 | Q172: =0.0007677*(1.859/(1.859-1))*((1.859*O172)-N172)*(H172/G172)*I172 -> 0.07790769 | R172: =N172/O172 -> 1.0499228 | S172: 273A unreasonably low relative to fluorometer. However, CTD fluorometer value seems high for 75m depth. | T172: 9
A173: 44755 | B173: =VLOOKUP(C173,'Master List'!A:C,3,FALSE) -> 48-144 | C173: 273 | D173: B | E173: =VLOOKUP(C173,'Master List'!A:G,5,FALSE) -> 75 | F173: =VLOOKUP(C173,'2022-002-bottles_csv'!E:L,8,FALSE) -> 0.2 | G173: 304 | H173: 10 | I173: 1 | J173: 22043.88 | K173: 14366.28 | L173: 332.42 | M173: 348.04 | N173: =J173-L173 -> 21711.46 | O173: =K173-M173 -> 14018.24 | P173: =0.0007677*(1.859/(1.859-1))*(N173-O173)*(H173/G173)*I173 -> 0.42044804 | Q173: =0.0007677*(1.859/(1.859-1))*((1.859*O173)-N173)*(H173/G173)*I173 -> 0.23765036 | R173: =N173/O173 -> 1.5488007 | T173: 232
A174: 44748 | B174: =VLOOKUP(C174,'Master List'!A:C,3,FALSE) -> 48-144 | C174: 276 | D174: A | E174: =VLOOKUP(C174,'Master List'!A:G,5,FALSE) -> 50 | F174: =VLOOKUP(C174,'2022-002-bottles_csv'!E:L,8,FALSE) -> 0.2 | G174: 304 | H174: 10 | I174: 1 | J174: 20288.75 | K174: 12864.75 | L174: 307.91 | M174: 311.38 | N174: =J174-L174 -> 19980.84 | O174: =K174-M174 -> 12553.37 | P174: =0.0007677*(1.859/(1.859-1))*(N174-O174)*(H174/G174)*I174 -> 0.40592434 | Q174: =0.0007677*(1.859/(1.859-1))*((1.859*O174)-N174)*(H174/G174)*I174 -> 0.18340448 | R174: =N174/O174 -> 1.5916714 | T174: 23
A175: 44761 | B175: =VLOOKUP(C175,'Master List'!A:C,3,FALSE) -> 48-144 | C175: 276 | D175: B | E175: =VLOOKUP(C175,'Master List'!A:G,5,FALSE) -> 50 | F175: =VLOOKUP(C175,'2022-002-bottles_csv'!E:L,8,FALSE) -> 0.2 | G175: 304 | H175: 10 | I175: 1 | J175: 21699.79 | K175: 13825.32 | L175: 345.92 | M175: 349.76 | N175: =J175-L175 -> 21353.87 | O175: =K175-M175 -> 13475.56 | P175: =0.0007677*(1.859/(1.859-1))*(N175-O175)*(H175/G175)*I175 -> 0.43056354 | Q175: =0.0007677*(1.859/(1.859-1))*((1.859*O175)-N175)*(H175/G175)*I175 -> 0.20205828 | R175: =N175/O175 -> 1.5846369 | T175: 360
A176: 44748 | B176: =VLOOKUP(C176,'Master List'!A:C,3,FALSE) -> 48-144 | C176: 278 | D176: A | E176: =VLOOKUP(C176,'Master List'!A:G,5,FALSE) -> 25 | F176: =VLOOKUP(C176,'2022-002-bottles_csv'!E:L,8,FALSE) -> 0.21 | G176: 304 | H176: 10 | I176: 1 | J176: 20361.2 | K176: 12842.39 | L176: 427.13 | M176: 458.5 | N176: =J176-L176 -> 19934.07 | O176: =K176-M176 -> 12383.89 | P176: =0.0007677*(1.859/(1.859-1))*(N176-O176)*(H176/G176)*I176 -> 0.41263065 | Q176: =0.0007677*(1.859/(1.859-1))*((1.859*O176)-N176)*(H176/G176)*I176 -> 0.16874178 | R176: =N176/O176 -> 1.6096776 | T176: 36
A177: 44757 | B177: =VLOOKUP(C177,'Master List'!A:C,3,FALSE) -> 48-144 | C177: 278 | D177: B | E177: =VLOOKUP(C177,'Master List'!A:G,5,FALSE) -> 25 | F177: =VLOOKUP(C177,'2022-002-bottles_csv'!E:L,8,FALSE) -> 0.21 | G177: 304 | H177: 10 | I177: 1 | J177: 20043 | K177: 12873.91 | L177: 305.46 | M177: 318.69 | N177: =J177-L177 -> 19737.54 | O177: =K177-M177 -> 12555.22 | P177: =0.0007677*(1.859/(1.859-1))*(N177-O177)*(H177/G177)*I177 -> 0.39252646 | Q177: =0.0007677*(1.859/(1.859-1))*((1.859*O177)-N177)*(H177/G177)*I177 -> 0.19688921 | R177: =N177/O177 -> 1.5720585 | T177: 297
A178: 44748 | B178: =VLOOKUP(C178,'Master List'!A:C,3,FALSE) -> 48-144 | C178: 284 | D178: A | E178: =VLOOKUP(C178,'Master List'!A:G,5,FALSE) -> 5 | F178: =VLOOKUP(C178,'2022-002-bottles_csv'!E:L,8,FALSE) -> 0.21 | G178: 304 | H178: 10 | I178: 1 | J178: 19627.54 | K178: 12603.44 | L178: 427.13 | M178: 458.5 | N178: =J178-L178 -> 19200.41 | O178: =K178-M178 -> 12144.94 | P178: =0.0007677*(1.859/(1.859-1))*(N178-O178)*(H178/G178)*I178 -> 0.38559388 | Q178: =0.0007677*(1.859/(1.859-1))*((1.859*O178)-N178)*(H178/G178)*I178 -> 0.18456084 | R178: =N178/O178 -> 1.5809391 | T178: 48
A179: 44761 | B179: =VLOOKUP(C179,'Master List'!A:C,3,FALSE) -> 48-144 | C179: 284 | D179: B | E179: =VLOOKUP(C179,'Master List'!A:G,5,FALSE) -> 5 | F179: =VLOOKUP(C179,'2022-002-bottles_csv'!E:L,8,FALSE) -> 0.21 | G179: 304 | H179: 10 | I179: 1 | J179: 20786.24 | K179: 14565.95 | L179: 345.92 | M179: 349.76 | N179: =J179-L179 -> 20440.32 | O179: =K179-M179 -> 14216.19 | P179: =0.0007677*(1.859/(1.859-1))*(N179-O179)*(H179/G179)*I179 -> 0.34015968 | Q179: =0.0007677*(1.859/(1.859-1))*((1.859*O179)-N179)*(H179/G179)*I179 -> 0.32723166 | R179: =N179/O179 -> 1.4378198 | T179: 343
A180: 44749 | B180: =VLOOKUP(C180,'Master List'!A:C,3,FALSE) -> 49-144 | C180: 296 | D180: A | E180: =VLOOKUP(C180,'Master List'!A:G,5,FALSE) -> 150 | F180: =VLOOKUP(C180,'2022-002-bottles_csv'!E:L,8,FALSE) -> 0.06 | G180: 304 | H180: 10 | I180: 1 | J180: 2103.34 | K180: 1828.59 | L180: 347.66 | M180: 357.34 | N180: =J180-L180 -> 1755.68 | O180: =K180-M180 -> 1471.25 | P180: =0.0007677*(1.859/(1.859-1))*(N180-O180)*(H180/G180)*I180 -> 0.015544601 | Q180: =0.0007677*(1.859/(1.859-1))*((1.859*O180)-N180)*(H180/G180)*I180 -> 0.053524503 | R180: =N180/O180 -> 1.1933254 | T180: 52
A181: 44761 | B181: =VLOOKUP(C181,'Master List'!A:C,3,FALSE) -> 49-144 | C181: 296 | D181: B | E181: =VLOOKUP(C181,'Master List'!A:G,5,FALSE) -> 150 | F181: =VLOOKUP(C181,'2022-002-bottles_csv'!E:L,8,FALSE) -> 0.06 | G181: 304 | H181: 10 | I181: 1 | J181: 1880.55 | K181: 1599.84 | L181: 362.04 | M181: 363.93 | N181: =J181-L181 -> 1518.51 | O181: =K181-M181 -> 1235.91 | P181: =0.0007677*(1.859/(1.859-1))*(N181-O181)*(H181/G181)*I181 -> 0.015444588 | Q181: =0.0007677*(1.859/(1.859-1))*((1.859*O181)-N181)*(H181/G181)*I181 -> 0.042576276 | R181: =N181/O181 -> 1.2286574 | T181: 388
A182: 44748 | B182: =VLOOKUP(C182,'Master List'!A:C,3,FALSE) -> 49-144 | C182: 298 | D182: A | E182: =VLOOKUP(C182,'Master List'!A:G,5,FALSE) -> 100 | F182: =VLOOKUP(C182,'2022-002-bottles_csv'!E:L,8,FALSE) -> 0.07 | G182: 304 | H182: 10 | I182: 1 | J182: 3486.51 | K182: 2703.86 | L182: 427.13 | M182: 458.5 | N182: =J182-L182 -> 3059.38 | O182: =K182-M182 -> 2245.36 | P182: =0.0007677*(1.859/(1.859-1))*(N182-O182)*(H182/G182)*I182 -> 0.044487629 | Q182: =0.0007677*(1.859/(1.859-1))*((1.859*O182)-N182)*(H182/G182)*I182 -> 0.060922739 | R182: =N182/O182 -> 1.3625343 | T182: 43
A183: 44757 | B183: =VLOOKUP(C183,'Master List'!A:C,3,FALSE) -> 49-144 | C183: 298 | D183: B | E183: =VLOOKUP(C183,'Master List'!A:G,5,FALSE) -> 100 | F183: =VLOOKUP(C183,'2022-002-bottles_csv'!E:L,8,FALSE) -> 0.07 | G183: 304 | H183: 10 | I183: 1 | J183: 3923.07 | K183: 2890 | L183: 338.28 | M183: 338.2 | N183: =J183-L183 -> 3584.79 | O183: =K183-M183 -> 2551.8 | P183: =0.0007677*(1.859/(1.859-1))*(N183-O183)*(H183/G183)*I183 -> 0.056454726 | Q183: =0.0007677*(1.859/(1.859-1))*((1.859*O183)-N183)*(H183/G183)*I183 -> 0.063341733 | R183: =N183/O183 -> 1.4048084 | T183: 315
A184: 44748 | B184: =VLOOKUP(C184,'Master List'!A:C,3,FALSE) -> 49-144 | C184: 299 | D184: A | E184: =VLOOKUP(C184,'Master List'!A:G,5,FALSE) -> 75 | F184: =VLOOKUP(C184,'2022-002-bottles_csv'!E:L,8,FALSE) -> 0.1 | G184: 304 | H184: 10 | I184: 1 | J184: 8857.03 | K184: 6145.22 | L184: 427.13 | M184: 458.5 | N184: =J184-L184 -> 8429.9 | O184: =K184-M184 -> 5686.72 | P184: =0.0007677*(1.859/(1.859-1))*(N184-O184)*(H184/G184)*I184 -> 0.14991963 | Q184: =0.0007677*(1.859/(1.859-1))*((1.859*O184)-N184)*(H184/G184)*I184 -> 0.11704836 | R184: =N184/O184 -> 1.4823835 | T184: 40
... A317: 44761 | B317: =VLOOKUP(C317,'Master List'!A:C,3,FALSE) -> 54-141 | C317: 519 | D317: B | E317: =VLOOKUP(C317,'Master List'!A:G,5,FALSE) -> 75 | F317: =VLOOKUP(C317,'2022-002-bottles_csv'!E:L,8,FALSE) -> 0.08 | G317: 304 | H317: 10 | I317: 1 | J317: 7497.28 | K317: 5162.27 | L317: 362.04 | M317: 363.93 | N317: =J317-L317 -> 7135.24 | O317: =K317-M317 -> 4798.34 | P317: =0.0007677*(1.859/(1.859-1))*(N317-O317)*(H317/G317)*I317 -> 0.12771571 | Q317: =0.0007677*(1.859/(1.859-1))*((1.859*O317)-N317)*(H317/G317)*I317 -> 0.097546516 | R317: =N317/O317 -> 1.4870226 | T317: 370
A318: 44754 | B318: =VLOOKUP(C318,'Master List'!A:C,3,FALSE) -> 54-141 | C318: 522 | D318: A | E318: =VLOOKUP(C318,'Master List'!A:G,5,FALSE) -> 50 | F318: =VLOOKUP(C318,'2022-002-bottles_csv'!E:L,8,FALSE) -> 0.11 | G318: 304 | H318: 10 | I318: 1 | L318: 283.96 | M318: 294.03 | N318: =J318-L318 -> -283.96 | O318: =K318-M318 -> -294.03 | P318: -99 | Q318: -99 | S318: Analysis comment: not analyzed - no acetone in bottle after extraction. | T318: 172
A319: 44757 | B319: =VLOOKUP(C319,'Master List'!A:C,3,FALSE) -> 54-141 | C319: 522 | D319: B | E319: =VLOOKUP(C319,'Master List'!A:G,5,FALSE) -> 50 | F319: =VLOOKUP(C319,'2022-002-bottles_csv'!E:L,8,FALSE) -> 0.11 | G319: 304 | H319: 10 | I319: 1 | J319: 10709.94 | K319: 7358.47 | L319: 338.28 | M319: 338.2 | N319: =J319-L319 -> 10371.66 | O319: =K319-M319 -> 7020.27 | P319: =0.0007677*(1.859/(1.859-1))*(N319-O319)*(H319/G319)*I319 -> 0.18315937 | Q319: =0.0007677*(1.859/(1.859-1))*((1.859*O319)-N319)*(H319/G319)*I319 -> 0.14641327 | R319: =N319/O319 -> 1.4773876 | T319: 333
A320: 44754 | B320: =VLOOKUP(C320,'Master List'!A:C,3,FALSE) -> 54-141 | C320: 524 | D320: A | E320: =VLOOKUP(C320,'Master List'!A:G,5,FALSE) -> 25 | F320: =VLOOKUP(C320,'2022-002-bottles_csv'!E:L,8,FALSE) -> 0.16 | G320: 304 | H320: 10 | I320: 1 | J320: 14296.74 | K320: 9271.37 | L320: 296.26 | M320: 308.87 | N320: =J320-L320 -> 14000.48 | O320: =K320-M320 -> 8962.5 | P320: =0.0007677*(1.859/(1.859-1))*(N320-O320)*(H320/G320)*I320 -> 0.27533449 | Q320: =0.0007677*(1.859/(1.859-1))*((1.859*O320)-N320)*(H320/G320)*I320 -> 0.14541782 | R320: =N320/O320 -> 1.5621177 | T320: 168
A321: 44756 | B321: =VLOOKUP(C321,'Master List'!A:C,3,FALSE) -> 54-141 | C321: 524 | D321: B | E321: =VLOOKUP(C321,'Master List'!A:G,5,FALSE) -> 25 | F321: =VLOOKUP(C321,'2022-002-bottles_csv'!E:L,8,FALSE) -> 0.16 | G321: 304 | H321: 10 | I321: 1 | J321: 15182.24 | K321: 9723.16 | L321: 332.16 | M321: 344.15 | N321: =J321-L321 -> 14850.08 | O321: =K321-M321 -> 9379.01 | P321: =0.0007677*(1.859/(1.859-1))*(N321-O321)*(H321/G321)*I321 -> 0.29900363 | Q321: =0.0007677*(1.859/(1.859-1))*((1.859*O321)-N321)*(H321/G321)*I321 -> 0.14130211 | R321: =N321/O321 -> 1.5833313 | T321: 262
A322: 44754 | B322: =VLOOKUP(C322,'Master List'!A:C,3,FALSE) -> 54-141 | C322: 530 | D322: A | E322: =VLOOKUP(C322,'Master List'!A:G,5,FALSE) -> 5 | F322: =VLOOKUP(C322,'2022-002-bottles_csv'!E:L,8,FALSE) -> 0.14 | G322: 304 | H322: 10 | I322: 1 | J322: 15343.92 | K322: 9788.56 | L322: 296.26 | M322: 308.87 | N322: =J322-L322 -> 15047.66 | O322: =K322-M322 -> 9479.69 | P322: =0.0007677*(1.859/(1.859-1))*(N322-O322)*(H322/G322)*I322 -> 0.30429938 | Q322: =0.0007677*(1.859/(1.859-1))*((1.859*O322)-N322)*(H322/G322)*I322 -> 0.14073287 | R322: =N322/O322 -> 1.5873578 | T322: 160
A323: 44761 | B323: =VLOOKUP(C323,'Master List'!A:C,3,FALSE) -> 54-141 | C323: 530 | D323: B | E323: =VLOOKUP(C323,'Master List'!A:G,5,FALSE) -> 5 | F323: =VLOOKUP(C323,'2022-002-bottles_csv'!E:L,8,FALSE) -> 0.14 | G323: 304 | H323: 10 | I323: 1 | J323: 15626.6 | K323: 9920.15 | L323: 362.04 | M323: 363.93 | N323: =J323-L323 -> 15264.56 | O323: =K323-M323 -> 9556.22 | P323: =0.0007677*(1.859/(1.859-1))*(N323-O323)*(H323/G323)*I323 -> 0.31197085 | Q323: =0.0007677*(1.859/(1.859-1))*((1.859*O323)-N323)*(H323/G323)*I323 -> 0.13665417 | R323: =N323/O323 -> 1.5973429 | T323: 389
A324: 44755 | B324: =VLOOKUP(C324,'Master List'!A:C,3,FALSE) -> 55-141 | C324: 535 | D324: A | E324: =VLOOKUP(C324,'Master List'!A:G,5,FALSE) -> 150 | F324: =VLOOKUP(C324,'2022-002-bottles_csv'!E:L,8,FALSE) -> 0.05 | G324: 304 | H324: 10 | I324: 1 | J324: 1891.35 | K324: 1724.76 | L324: 311.39 | M324: 298.53 | N324: =J324-L324 -> 1579.96 | O324: =K324-M324 -> 1426.23 | P324: =0.0007677*(1.859/(1.859-1))*(N324-O324)*(H324/G324)*I324 -> 0.0084016157 | Q324: =0.0007677*(1.859/(1.859-1))*((1.859*O324)-N324)*(H324/G324)*I324 -> 0.058553986 | R324: =N324/O324 -> 1.1077877 | T324: 196
A325: 44757 | B325: =VLOOKUP(C325,'Master List'!A:C,3,FALSE) -> 55-141 | C325: 535 | D325: B | E325: =VLOOKUP(C325,'Master List'!A:G,5,FALSE) -> 150 | F325: =VLOOKUP(C325,'2022-002-bottles_csv'!E:L,8,FALSE) -> 0.05 | G325: 304 | H325: 10 | I325: 1 | J325: 1340.08 | K325: 1204.63 | L325: 305.46 | M325: 318.69 | N325: =J325-L325 -> 1034.62 | O325: =K325-M325 -> 885.94 | P325: =0.0007677*(1.859/(1.859-1))*(N325-O325)*(H325/G325)*I325 -> 0.0081256242 | Q325: =0.0007677*(1.859/(1.859-1))*((1.859*O325)-N325)*(H325/G325)*I325 -> 0.033465596 | R325: =N325/O325 -> 1.1678217 | T325: 308
A326: 44755 | B326: =VLOOKUP(C326,'Master List'!A:C,3,FALSE) -> 55-141 | C326: 539 | D326: A | E326: =VLOOKUP(C326,'Master List'!A:G,5,FALSE) -> 100 | F326: =VLOOKUP(C326,'2022-002-bottles_csv'!E:L,8,FALSE) -> 0.06 | G326: 304 | H326: 10 | I326: 1 | J326: 3995.85 | K326: 3019.87 | L326: 311.39 | M326: 298.53 | N326: =J326-L326 -> 3684.46 | O326: =K326-M326 -> 2721.34 | P326: =0.0007677*(1.859/(1.859-1))*(N326-O326)*(H326/G326)*I326 -> 0.052636207 | Q326: =0.0007677*(1.859/(1.859-1))*((1.859*O326)-N326)*(H326/G326)*I326 -> 0.075119454 | R326: =N326/O326 -> 1.3539139 | T326: 208
A327: 44757 | B327: =VLOOKUP(C327,'Master List'!A:C,3,FALSE) -> 55-141 | C327: 539 | D327: B | E327: =VLOOKUP(C327,'Master List'!A:G,5,FALSE) -> 100 | F327: =VLOOKUP(C327,'2022-002-bottles_csv'!E:L,8,FALSE) -> 0.06 | G327: 304 | H327: 10 | I327: 1 | J327: 3878.58 | K327: 2920.47 | L327: 351.09 | M327: 351.83 | N327: =J327-L327 -> 3527.49 | O327: =K327-M327 -> 2568.64 | P327: =0.0007677*(1.859/(1.859-1))*(N327-O327)*(H327/G327)*I327 -> 0.052402844 | Q327: =0.0007677*(1.859/(1.859-1))*((1.859*O327)-N327)*(H327/G327)*I327 -> 0.068184183 | R327: =N327/O327 -> 1.3732909 | T327: 278
A328: 44755 | B328: =VLOOKUP(C328,'Master List'!A:C,3,FALSE) -> 55-141 | C328: 540 | D328: A | E328: =VLOOKUP(C328,'Master List'!A:G,5,FALSE) -> 75 | F328: =VLOOKUP(C328,'2022-002-bottles_csv'!E:L,8,FALSE) -> 0.11 | G328: 304 | H328: 10 | I328: 1 | J328: 16475.7 | K328: 11434.44 | L328: 311.39 | M328: 298.53 | N328: =J328-L328 -> 16164.31 | O328: =K328-M328 -> 11135.91 | P328: =0.0007677*(1.859/(1.859-1))*(N328-O328)*(H328/G328)*I328 -> 0.27481093 | Q328: =0.0007677*(1.859/(1.859-1))*((1.859*O328)-N328)*(H328/G328)*I328 -> 0.247974 | R328: =N328/O328 -> 1.4515482 | T328: 205
A329: 44761 | B329: =VLOOKUP(C329,'Master List'!A:C,3,FALSE) -> 55-141 | C329: 540 | D329: B | E329: =VLOOKUP(C329,'Master List'!A:G,5,FALSE) -> 75 | F329: =VLOOKUP(C329,'2022-002-bottles_csv'!E:L,8,FALSE) -> 0.11 | G329: 304 | H329: 10 | I329: 1 | J329: 15773.16 | K329: 10758.1 | L329: 362.04 | M329: 363.93 | N329: =J329-L329 -> 15411.12 | O329: =K329-M329 -> 10394.17 | P329: =0.0007677*(1.859/(1.859-1))*(N329-O329)*(H329/G329)*I329 -> 0.27418517 | Q329: =0.0007677*(1.859/(1.859-1))*((1.859*O329)-N329)*(H329/G329)*I329 -> 0.21377814 | R329: =N329/O329 -> 1.4826696 | T329: 368
A330: 44754 | B330: =VLOOKUP(C330,'Master List'!A:C,3,FALSE) -> 55-141 | C330: 543 | D330: A | E330: =VLOOKUP(C330,'Master List'!A:G,5,FALSE) -> 50 | F330: =VLOOKUP(C330,'2022-002-bottles_csv'!E:L,8,FALSE) -> 0.12 | G330: 304 | H330: 10 | I330: 1 | J330: 14808.31 | K330: 9815.68 | L330: 296.26 | M330: 308.87 | N330: =J330-L330 -> 14512.05 | O330: =K330-M330 -> 9506.81 | P330: =0.0007677*(1.859/(1.859-1))*(N330-O330)*(H330/G330)*I330 -> 0.27354519 | Q330: =0.0007677*(1.859/(1.859-1))*((1.859*O330)-N330)*(H330/G330)*I330 -> 0.17276023 | R330: =N330/O330 -> 1.52649 | T330: 148
... A408: 44754 | B408: =VLOOKUP(C408,'Master List'!A:C,3,FALSE) -> 53-144 | C408: 696 | D408: A | E408: =VLOOKUP(C408,'Master List'!A:G,5,FALSE) -> 150 | F408: =VLOOKUP(C408,'2022-002-bottles_csv'!E:L,8,FALSE) -> 0.06 | G408: 304 | H408: 10 | I408: 1 | J408: 2506.7 | K408: 2006.91 | L408: 283.96 | M408: 294.03 | N408: =J408-L408 -> 2222.74 | O408: =K408-M408 -> 1712.88 | P408: =0.0007677*(1.859/(1.859-1))*(N408-O408)*(H408/G408)*I408 -> 0.027864748 | Q408: =0.0007677*(1.859/(1.859-1))*((1.859*O408)-N408)*(H408/G408)*I408 -> 0.052547885 | R408: =N408/O408 -> 1.2976624 | T408: 178
...

Sheet Flags
A1: Quality Flags for Water Samples
A2: Flag | B2: Value Definition
A3: 1 | B3: Sample for this measurement was drawn from water bottle but not analyzed (e.g. broken sample
B4: bottle; nitrate not analyzed in anoxic water; sample lost).
A5: 2 | B5: Acceptable measurement
A6: 3 | B6: Questionable measurement (potential problem observed in sampling, analysis, or value; e.g.
B7: poor agreement between reps but unclear which is better; Niskin integrity questionable but not
B8: severe). Suspected misfire or mis-sample would be noted as an outlier and would be flagged “3”.
A9: 4 | B9: Bad measurement (known problem with sampling or analysis but not serious enough to
B10: completely discard the value; e.g. Niskin integrity was badly compromised; bubble in oxygen
B11: sample; chlorophyll filter askew on funnel).
A12: 5 | B12: Measurement not reported because the value was clearly bad. Use only when a value is clearly
B13: unreasonable or unavailable.
A14: 6 | B14: Mean of replicate measurements (summary of replicates and table of replicate data must be included
B15: in the quality flagged file).
A16: 7 | B16: Manual chromatographic peak measurement.
A17: 8 | B17: Irregular digital chromatographic peak integration.
A18: 9 | B18: Sample not drawn for this measurement from this bottle (planning to sample this bottle, but it didn’t
B19: get collected because the Niskin did not close; there was no water left in the Niskin; the Niskin was
B20: emptied before it was sampled; or we simply forgot).
A22: Chlorophyll IOS Quality Flags
A23: Flag | B23: Value Definition
A24: 1 | B24: Sample was collected but forgotten or lost ex. not filtered, tube/vial broke
A25: 2 | B25: Good value but different than expected such as a lost replicate
A26: 3 | B26: Questionable Measurement
B27: variability of reps > 10%
B28: Chlorophyll sample sat in the fridge >12 hours prior to filtration
B29: filter was stuck to side of vial and only half submerged in acetone after extraction; suspected
B30: misfire/mis-sample as sample doesn’t fit profile
A31: 4 | B31: Known problem with analysis, Bad measurement
B32: Variability of reps > 30%
B33: Known problem with analysis; chl filter was askew; filtration volume uncertain due to large spill
B34: chl sample took >1 hour to filter; known dilution problem
A35: 5 | B35: Measurement not reported, clearly bad, -99.0 Pad value
B36: Forgot to acidify chl sample; sample holder turned so that no light getting into fluorometer;
B37: value clearly unreasonable
A38: 6 | B38: Mean of replicate measurements. Summary of replicates included in the quality flagged file
A39: 9 | B39: Planning to sample but for some reason sample not drawn for this measurement
B40: from this bottle: niskin did not close, no water left in niskin, niskin emptied before sampling

Sheet Master List
A1: Sample Master List for Cruise 2022_02
A3: Sample # | B3: Sample Type | C3: Station | D3: Cruise | E3: Depth | F3: Bottle # | G3: Event # | H3: Ship | I3: Comments
A4: 1 | B4: NUT-F | C4: 50-135 | D4: 2022_02 | E4: 300 | F4: bot 1 | G4: 8
A5: 2 | B5: NUT-F | C5: 50-135 | D5: 2022_02 | E5: 200 | F5: bot 2 | G5: 8 | I5: Duplicate Samples
A6: 4 | B6: NUT-F | C6: 50-135 | D6: 2022_02 | E6: 150 | F6: bot 4 | G6: 8
A7: 5 | B7: NUT-F | C7: 50-135 | D7: 2022_02 | E7: 125 | F7: bot 5 | G7: 8
A8: 6 | B8: NUT-F | C8: 50-135 | D8: 2022_02 | E8: 100 | F8: bot 6 | G8: 8
A9: 9 | B9: NUT-F | C9: 50-135 | D9: 2022_02 | E9: 75 | F9: bot 9 | G9: 8
A10: 12 | B10: NUT-F | C10: 50-135 | D10: 2022_02 | E10: 50 | F10: bot 12 | G10: 8
A11: 14 | B11: NUT-F | C11: 50-135 | D11: 2022_02 | E11: 25 | F11: bot 14 | G11: 8
A12: 20 | B12: NUT-F | C12: 50-135 | D12: 2022_02 | E12: 5 | F12: bot 20 | G12: 8
A13: 4 | B13: CHL | C13: 50-135 | D13: 2022_02 | E13: 150 | F13: bot 4 | G13: 8 | I13: Duplicate Samples
A14: 6 | B14: CHL | C14: 50-135 | D14: 2022_02 | E14: 100 | F14: bot 6 | G14: 8 | I14: Duplicate Samples
A15: 9 | B15: CHL | C15: 50-135 | D15: 2022_02 | E15: 75 | F15: bot 9 | G15: 8 | I15: Duplicate Samples
A16: 12 | B16: CHL | C16: 50-135 | D16: 2022_02 | E16: 50 | F16: bot 12 | G16: 8 | I16: Duplicate Samples
A17: 14 | B17: CHL | C17: 50-135 | D17: 2022_02 | E17: 25 | F17: bot 14 | G17: 8 | I17: Duplicate Samples
A18: 20 | B18: CHL | C18: 50-135 | D18: 2022_02 | E18: 5 | F18: bot 20 | G18: 8 | I18: Duplicate Samples
A19: 12 | B19: HPLC | C19: 50-135 | D19: 2022_02 | E19: 50 | F19: bot 12 | G19: 8 | I19: Duplicate Samples
A20: 14 | B20: HPLC | C20: 50-135 | D20: 2022_02 | E20: 25 | F20: bot 14 | G20: 8 | I20: Duplicate Samples
A21: 20 | B21: HPLC | C21: 50-135 | D21: 2022_02 | E21: 5 | F21: bot 20 | G21: 8 | I21: Duplicate Samples
A22: 17 | B22: HPLC-2 | C22: 50-135 | D22: 2022_02 | E22: 5 | F22: bot 17 | G22: 8 | I22: Duplicate Samples
A23: 20 | B23: FCM | C23: 50-135 | D23: 2022_02 | E23: 5 | F23: bot 20 | G23: 8 | I23: Duplicate Samples
A24: 19 | B24: POM-C&N | C24: 50-135 | D24: 2022_02 | E24: 5 | F24: bot 19 | G24: 8 | I24: Duplicate Samples
A25: 18 | B25: POM-FA | C25: 50-135 | D25: 2022_02 | E25: 5 | F25: bot 18 | G25: 8
A26: 3 | B26: LIGAND | C26: 50-135 | D26: 2022_02 | E26: 150 | F26: bot 3 | G26: 8 | I26: Duplicate Samples
A27: 7 | B27: LIGAND | C27: 50-135 | D27: 2022_02 | E27: 100 | F27: bot 7 | G27: 8 | I27: Duplicate Samples
A28: 11 | B28: LIGAND | C28: 50-135 | D28: 2022_02 | E28: 50 | F28: bot 11 | G28: 8 | I28: Duplicate Samples
A29: 15 | B29: LIGAND | C29: 50-135 | D29: 2022_02 | E29: 25 | F29: bot 15 | G29: 8 | I29: Duplicate Samples
A30: 19 | B30: LIGAND | C30: 50-135 | D30: 2022_02 | E30: 5 | F30: bot 19 | G30: 8 | I30: Duplicate Samples
A31: 8 | B31: eDNA | C31: 50-135 | D31: 2022_02 | E31: 100 | F31: bot 8 | G31: 8 | I31: Duplicate Samples
A32: 10 | B32: eDNA | C32: 50-135 | D32: 2022_02 | E32: 50 | F32: bot 10 | G32: 8 | I32: Duplicate Samples
A33: 13 | B33: eDNA | C33: 50-135 | D33: 2022_02 | E33: 25 | F33: bot 13 | G33: 8 | I33: Duplicate Samples
A34: 16 | B34: eDNA | C34: 50-135 | D34: 2022_02 | E34: 5 | F34: bot 16 | G34: 8 | I34: Duplicate Samples
A35: 21 | B35: NUT-F | C35: 49-135 | D35: 2022_02 | E35: 300 | F35: bot 1 | G35: 12
A36: 22 | B36: NUT-F | C36: 49-135 | D36: 2022_02 | E36: 200 | F36: bot 2 | G36: 12
A37: 24 | B37: NUT-F | C37: 49-135 | D37: 2022_02 | E37: 150 | F37: bot 4 | G37: 12
A38: 25 | B38: NUT-F | C38: 49-135 | D38: 2022_02 | E38: 125 | F38: bot 5 | G38: 12
A39: 28 | B39: NUT-F | C39: 49-135 | D39: 2022_02 | E39: 100 | F39: bot 8 | G39: 12
A40: 29 | B40: NUT-F | C40: 49-135 | D40: 2022_02 | E40: 75 | F40: bot 9 | G40: 12
A41: 32 | B41: NUT-F | C41: 49-135 | D41: 2022_02 | E41: 50 | F41: bot 12 | G41: 12
A42: 34 | B42: NUT-F | C42: 49-135 | D42: 2022_02 | E42: 25 | F42: bot 14 | G42: 12 | I42: Duplicate Samples
A43: 40 | B43: NUT-F | C43: 49-135 | D43: 2022_02 | E43: 5 | F43: bot 20 | G43: 12
A44: 24 | B44: CHL | C44: 49-135 | D44: 2022_02 | E44: 150 | F44: bot 4 | G44: 12 | I44: Duplicate Samples
A45: 28 | B45: CHL | C45: 49-135 | D45: 2022_02 | E45: 100 | F45: bot 8 | G45: 12 | I45: Duplicate Samples
A46: 29 | B46: CHL | C46: 49-135 | D46: 2022_02 | E46: 75 | F46: bot 9 | G46: 12 | I46: Duplicate Samples
A47: 32 | B47: CHL | C47: 49-135 | D47: 2022_02 | E47: 50 | F47: bot 12 | G47: 12 | I47: Duplicate Samples
A48: 34 | B48: CHL | C48: 49-135 | D48: 2022_02 | E48: 25 | F48: bot 14 | G48: 12 | I48: Duplicate Samples
A49: 40 | B49: CHL | C49: 49-135 | D49: 2022_02 | E49: 5 | F49: bot 20 | G49: 12 | I49: Duplicate Samples
A50: 32 | B50: HPLC | C50: 49-135 | D50: 2022_02 | E50: 50 | F50: bot 12 | G50: 12 | I50: Duplicate Samples
A51: 34 | B51: HPLC | C51: 49-135 | D51: 2022_02 | E51: 25 | F51: bot 14 | G51: 12 | I51: Duplicate Samples
A52: 40 | B52: HPLC | C52: 49-135 | D52: 2022_02 | E52: 5 | F52: bot 20 | G52: 12 | I52: Duplicate Samples
A53: 36 | B53: HPLC-2 | C53: 49-135 | D53: 2022_02 | E53: 5 | F53: bot 16 | G53: 12 | I53: Duplicate Samples
A54: 40 | B54: FCM | C54: 49-135 | D54: 2022_02 | E54: 5 | F54: bot 20 | G54: 12 | I54: Duplicate Samples
A55: 39 | B55: POM-C&N | C55: 49-135 | D55: 2022_02 | E55: 5 | F55: bot 19 | G55: 12 | I55: Duplicate Samples
A56: 38 | B56: POM-FA | C56: 49-135 | D56: 2022_02 | E56: 5 | F56: bot 18 | G56: 12
A57: 23 | B57: LIGAND | C57: 49-135 | D57: 2022_02 | E57: 150 | F57: bot 3 | G57: 12 | I57: Duplicate Samples
A58: 27 | B58: LIGAND | C58: 49-135 | D58: 2022_02 | E58: 100 | F58: bot 7 | G58: 12 | I58: Duplicate Samples
A59: 31 | B59: LIGAND | C59: 49-135 | D59: 2022_02 | E59: 50 | F59: bot 11 | G59: 12 | I59: Duplicate Samples
A60: 33 | B60: LIGAND | C60: 49-135 | D60: 2022_02 | E60: 25 | F60: bot 13 | G60: 12 | I60: Duplicate Samples
A61: 39 | B61: LIGAND | C61: 49-135 | D61: 2022_02 | E61: 5 | F61: bot 19 | G61: 12 | I61: Duplicate Samples
A62: 26 | B62: eDNA | C62: 49-135 | D62: 2022_02 | E62: 100 | F62: bot 6 | G62: 12 | I62: Duplicate Samples
A63: 30 | B63: eDNA | C63: 49-135 | D63: 2022_02 | E63: 50 | F63: bot 10 | G63: 12 | I63: Duplicate Samples
A64: 35 | B64: eDNA | C64: 49-135 | D64: 2022_02 | E64: 25 | F64: bot 15 | G64: 12 | I64: Duplicate Samples
A65: 37 | B65: eDNA | C65: 49-135 | D65: 2022_02 | E65: 5 | F65: bot 17 | G65: 12 | I65: Duplicate Samples
A66: 41 | B66: NUT-F | C66: 48-135 | D66: 2022_02 | E66: 300 | F66: bot 1 | G66: 16
A67: 42 | B67: NUT-F | C67: 48-135 | D67: 2022_02 | E67: 200 | F67: bot 2 | G67: 16
A68: 44 | B68: NUT-F | C68: 48-135 | D68: 2022_02 | E68: 150 | F68: bot 4 | G68: 16 | I68: Duplicate Samples
A69: 45 | B69: NUT-F | C69: 48-135 | D69: 2022_02 | E69: 125 | F69: bot 5 | G69: 16
A70: 48 | B70: NUT-F | C70: 48-135 | D70: 2022_02 | E70: 100 | F70: bot 8 | G70: 16
A71: 49 | B71: NUT-F | C71: 48-135 | D71: 2022_02 | E71: 75 | F71: bot 9 | G71: 16
A72: 52 | B72: NUT-F | C72: 48-135 | D72: 2022_02 | E72: 50 | F72: bot 12 | G72: 16
A73: 54 | B73: NUT-F | C73: 48-135 | D73: 2022_02 | E73: 25 | F73: bot 14 | G73: 16
A74: 60 | B74: NUT-F | C74: 48-135 | D74: 2022_02 | E74: 5 | F74: bot 20 | G74: 16
A75: 44 | B75: CHL | C75: 48-135 | D75: 2022_02 | E75: 150 | F75: bot 4 | G75: 16 | I75: Duplicate Samples
A76: 48 | B76: CHL | C76: 48-135 | D76: 2022_02 | E76: 100 | F76: bot 8 | G76: 16 | I76: Duplicate Samples
A77: 49 | B77: CHL | C77: 48-135 | D77: 2022_02 | E77: 75 | F77: bot 9 | G77: 16 | I77: Duplicate Samples
A78: 52 | B78: CHL | C78: 48-135 | D78: 2022_02 | E78: 50 | F78: bot 12 | G78: 16 | I78: Duplicate Samples
A79: 54 | B79: CHL | C79: 48-135 | D79: 2022_02 | E79: 25 | F79: bot 14 | G79: 16 | I79: Duplicate Samples
A80: 60 | B80: CHL | C80: 48-135 | D80: 2022_02 | E80: 5 | F80: bot 20 | G80: 16 | I80: Duplicate Samples
A81: 52 | B81: HPLC | C81: 48-135 | D81: 2022_02 | E81: 50 | F81: bot 12 | G81: 16 | I81: Duplicate Samples
A82: 54 | B82: HPLC | C82: 48-135 | D82: 2022_02 | E82: 25 | F82: bot 14 | G82: 16 | I82: Duplicate Samples
A83: 60 | B83: HPLC | C83: 48-135 | D83: 2022_02 | E83: 5 | F83: bot 20 | G83: 16 | I83: Duplicate Samples
A84: 56 | B84: HPLC-2 | C84: 48-135 | D84: 2022_02 | E84: 5 | F84: bot 16 | G84: 16 | I84: Duplicate Samples
A85: 60 | B85: FCM | C85: 48-135 | D85: 2022_02 | E85: 5 | F85: bot 20 | G85: 16 | I85: Duplicate Samples
A86: 59 | B86: POM-C&N | C86: 48-135 | D86: 2022_02 | E86: 5 | F86: bot 19 | G86: 16 | I86: Duplicate Samples
A87: 58 | B87: POM-FA | C87: 48-135 | D87: 2022_02 | E87: 5 | F87: bot 18 | G87: 16
A88: 43 | B88: LIGAND | C88: 48-135 | D88: 2022_02 | E88: 150 | F88: bot 3 | G88: 16 | I88: Duplicate Samples
A89: 47 | B89: LIGAND | C89: 48-135 | D89: 2022_02 | E89: 100 | F89: bot 7 | G89: 16 | I89: Duplicate Samples
A90: 51 | B90: LIGAND | C90: 48-135 | D90: 2022_02 | E90: 50 | F90: bot 11 | G90: 16 | I90: Duplicate Samples
A91: 53 | B91: LIGAND | C91: 48-135 | D91: 2022_02 | E91: 25 | F91: bot 13 | G91: 16 | I91: Duplicate Samples
A92: 59 | B92: LIGAND | C92: 48-135 | D92: 2022_02 | E92: 5 | F92: bot 19 | G92: 16 | I92: Duplicate Samples
A93: 46 | B93: eDNA | C93: 48-135 | D93: 2022_02 | E93: 100 | F93: bot 6 | G93: 16 | I93: Duplicate Samples
A94: 50 | B94: eDNA | C94: 48-135 | D94: 2022_02 | E94: 50 | F94: bot 10 | G94: 16 | I94: Duplicate Samples
A95: 55 | B95: eDNA | C95: 48-135 | D95: 2022_02 | E95: 25 | F95: bot 15 | G95: 16 | I95: Duplicate Samples
A96: 57 | B96: eDNA | C96: 48-135 | D96: 2022_02 | E96: 5 | F96: bot 17 | G96: 16 | I96: Duplicate Samples
A97: 61 | B97: NUT-F | C97: 47-135 | D97: 2022_02 | E97: 300 | F97: bot 1 | G97: 20
A98: 62 | B98: NUT-F | C98: 47-135 | D98: 2022_02 | E98: 200 | F98: bot 2 | G98: 20
A99: 64 | B99: NUT-F | C99: 47-135 | D99: 2022_02 | E99: 150 | F99: bot 4 | G99: 20
A100: 65 | B100: NUT-F | C100: 47-135 | D100: 2022_02 | E100: 125 | F100: bot 5 | G100: 20
A101: 68 | B101: NUT-F | C101: 47-135 | D101: 2022_02 | E101: 100 | F101: bot 8 | G101: 20
...

Sheet 2022-002-bottles_csv
A2: Event # | B2: Station | C2: Niskin # | D2: Firing Order | E2: Sample_Number | F2: Oxygen:Dissolved:SBE | G2: Pressure | H2: Depth:Salt_Water | I2: Temperature:Primary | J2: Conductivity:Primary | K2: Transmissivity:1 | L2: Fluorescence:URU:Seapoint | M2: Salinity:T0:C0 | N2: pH:SBE
A3: 8 | B3: 50-135 | C3: 1 | D3: 1 | E3: 1 | F3: 1.524 | G3: 301 | H3: 297.6 | I3: 4.809 | J3: 3.2469 | K3: 66 | L3: 0.09 | M3: 33.8966 | N3: 7.07
A4: 8 | B4: 50-135 | C4: 2 | D4: 2 | E4: 2 | F4: 2.647 | G4: 201.6 | H4: 199.2 | I4: 5.4338 | J4: 3.2873 | K4: 65.9 | L4: 0.09 | M4: 33.7785 | N4: 7.17
A5: 8 | B5: 50-135 | C5: 3 | D5: 3 | E5: 3 | F5: 3.611 | G5: 152.3 | H5: 150.4 | I5: 5.9318 | J5: 3.3129 | K5: 65.9 | L5: 0.09 | M5: 33.5965 | N5: 7.26
A6: 8 | B6: 50-135 | C6: 4 | D6: 4 | E6: 4 | F6: 3.613 | G6: 152.1 | H6: 150.2 | I6: 5.9297 | J6: 3.313 | K6: 65.9 | L6: 0.09 | M6: 33.5989 | N6: 7.26
A7: 8 | B7: 50-135 | C7: 5 | D7: 5 | E7: 5 | F7: 4.877 | G7: 125.6 | H7: 123.9 | I7: 6.0694 | J7: 3.2831 | K7: 65.9 | L7: 0.09 | M7: 33.1391 | N7: 7.37
A8: 8 | B8: 50-135 | C8: 6 | D8: 6 | E8: 6 | F8: 6.828 | G8: 101.3 | H8: 99.8 | I8: 6.6844 | J8: 3.2619 | K8: 62.9 | L8: 0.18 | M8: 32.3259 | N8: 7.55
A9: 8 | B9: 50-135 | C9: 7 | D9: 7 | E9: 7 | F9: 6.824 | G9: 101.5 | H9: 100 | I9: 6.6846 | J9: 3.2619 | K9: 62.9 | L9: 0.18 | M9: 32.3257 | N9: 7.55
A10: 8 | B10: 50-135 | C10: 8 | D10: 8 | E10: 8 | F10: 6.833 | G10: 101.2 | H10: 99.7 | I10: 6.6848 | J10: 3.2619 | K10: 62.9 | L10: 0.19 | M10: 32.3256 | N10: 7.55
A11: 8 | B11: 50-135 | C11: 9 | D11: 9 | E11: 9 | F11: 6.848 | G11: 76 | H11: 74.7 | I11: 6.6868 | J11: 3.2607 | K11: 62.6 | L11: 0.19 | M11: 32.3228 | N11: 7.55
A12: 8 | B12: 50-135 | C12: 10 | D12: 10 | E12: 10 | F12: 6.862 | G12: 50.8 | H12: 49.8 | I12: 6.6848 | J12: 3.2594 | K12: 62.3 | L12: 0.21 | M12: 32.3223 | N12: 7.56
A13: 8 | B13: 50-135 | C13: 11 | D13: 11 | E13: 11 | F13: 6.863 | G13: 50.4 | H13: 49.4 | I13: 6.6849 | J13: 3.2594 | K13: 62.4 | L13: 0.21 | M13: 32.3223 | N13: 7.56
A14: 8 | B14: 50-135 | C14: 12 | D14: 12 | E14: 12 | F14: 6.862 | G14: 50.7 | H14: 49.6 | I14: 6.685 | J14: 3.2594 | K14: 62.4 | L14: 0.21 | M14: 32.3222 | N14: 7.56
... A731: 147 | B731: 51-132 | C731: 21 | D731: 21 | E731: 729 | F731: 6.808 | G731: 6.6 | H731: 5.9 | I731: 7.0859 | J731: 3.2861 | K731: 58 | L731: 0.14 | M731: 32.2583 | N731: 7.75
